"","G1.fMRI","T1T2ratio","Evolution.Expansion","CBF","Cortical.Thickness","PC1.AHBA","PC1.Neurosynth","cbv","cmr02","cmruglu","devexp","intersubjvar","meg_alpha","meg_beta","meg_delta","meg_gamma1","meg_gamma2","meg_theta","scalingnih","scalingpnc"
"V1",-2.972374845,1.546116691,-1.726372488,59.0596163,1.946323365,-16.17552037,5.313402818,6657.50921513031,6121.7909816904,7083.59782026725,-0.0902618663624184,0.553088371127729,0.387499141532022,0.0815902312922662,0.287871732790037,0.0165927525983699,0.00920731056316191,0.217238829978184,0.812613089342375,0.741974546872511
"MST",-4.104730087,1.498078728,0.425740897,65.50368981,2.386512889,-4.576881218,-10.91652637,5650.44416610054,5283.86767578125,6379.3127122962,-0.00243208637799729,0.640286782513494,0.370309986498045,0.0848590751057086,0.285532250352528,0.0164391108505104,0.00943246034338422,0.233427122235298,1.08139252662659,1.16951442283133
"V6",-4.465321892,1.506699605,-1.23317759,56.30642427,2.119732102,-12.95819324,1.154318187,6074.25087298769,5595.35606060606,6720.49641927083,-0.123957376927137,0.605775098005931,0.41952526027506,0.0919023167454835,0.253738820101276,0.0164204457436096,0.00787812258314454,0.210535023248557,1.05154594688705,1.03185017723026
"V2",-3.68021356,1.508880602,-1.404348526,59.30634295,2.028844171,-14.21235625,1.154318187,6371.10760216346,5839.99915614984,6843.11858974359,-0.107751993030279,0.559176523868854,0.388080193599065,0.0833106820782026,0.285258119763472,0.017343266432484,0.00976090651387588,0.216246831417084,0.903610507035867,0.849055991111658
"V3",-3.76028501,1.480787196,-1.184210078,58.10154586,2.185817791,-13.49744777,1.154318187,6026.4693003509,5522.40835623014,6687.56363794359,-0.0643504372809172,0.567872531333212,0.39333011487783,0.0848331214007685,0.281967382436081,0.0179447478504252,0.0100631143589962,0.211861517469762,0.991014038102101,0.986730371996508
"V4",-3.996609343,1.458808479,-0.985882,56.8548388,2.270075904,-7.817285816,9.472487448,5747.34276336985,5326.70840045103,6537.14373087146,-0.0429942498116621,0.570598892329894,0.381189179174679,0.0848697912447231,0.288720638788853,0.0183977740288702,0.0104745987457098,0.216348018074773,0.964568375926657,1.0769556115583
"V8",-4.249206165,1.43834413,-1.471324348,50.86276892,2.647230513,-7.918726251,16.38000802,6035.16007915296,5551.38833778783,6568.71921258224,-0.176784098487009,0.576431584985633,0.372661160795312,0.082173212970558,0.295269079898533,0.0182122689132628,0.010788700543344,0.220895590750795,1.07064619189815,1.05639917599527
"4",-5.046522121,1.619256505,-0.292924653,54.27478921,2.714827562,-8.675091728,-26.29931758,6129.06120968248,5340.12449995294,6681.03450324736,-0.0054290108873378,0.566241325384163,0.281504143253866,0.123814848412472,0.291530451621396,0.0237352374611969,0.00920223057584231,0.27021308680136,0.882362157226088,0.918325344242724
"3b",-5.042306568,1.542989769,0.381761774,60.56327932,1.77471346,-11.42885518,-26.29931758,6278.98848783053,5538.37429708963,6809.91745900584,0.0243773866562679,0.560846316290426,0.307002324979384,0.125195178356799,0.277863844246655,0.0226242308208084,0.00903461574689372,0.258279805982506,0.879779948310538,0.975903596196856
"FEF",-2.514140036,1.379289414,0.473475374,69.12178123,2.59206866,0.522845308,-34.24741033,6246.66790545428,5446.07819733796,6962.50152813947,0.102520483277308,0.62706529211115,0.246468830991674,0.117970997122703,0.312634280986256,0.0236090840081926,0.00955086499797525,0.289765943531637,1.14047301257098,1.04562759509793
"PEF",-1.490084826,1.333456301,0.328800611,71.63632261,2.547461434,-1.360551369,-18.16523946,6226.52522786458,5340.90877278646,7066.21736653646,0.233369543696895,0.627628249426683,0.231461523721615,0.112133438078066,0.330186390628417,0.0240518768162777,0.0115521748084575,0.290614597499371,1.10583852231503,1.29544954498609
"55b",0.339662595,1.327031631,0.352634066,73.80805539,2.782218596,-1.770786318,-25.45244708,6067.84718048878,5244.3535531851,6857.30929487179,0.232066367511396,0.629522591065138,0.238463108356182,0.113966349034737,0.321369619705738,0.0243145658228642,0.0114043397017014,0.290482021295107,1.00859027795303,1.03441815498548
"V3A",-4.445568351,1.495011318,-0.815179573,59.02908699,2.116969061,-12.80032321,9.472487448,5768.03195672286,5319.1976511102,6502.96502364309,-0.0834550649600311,0.574843001993079,0.426673522121028,0.0883517328061556,0.253807094144194,0.016923762710863,0.00881547006582351,0.205428419536666,0.814838807833822,0.963766695637452
"RSC",2.112520764,1.530769746,-0.424497868,59.40658947,2.220173347,-2.435055422,15.90270653,6215.85596421186,5050.02277688419,6623.0454604205,0.0230261455031319,0.578784557826379,0.290659898782478,0.100344113567296,0.306594908675727,0.0249543307787355,0.0141491659999113,0.248591702650575,0.839711733600673,0.910516295362921
"POS2",2.699955953,1.392777109,-0.793220963,61.74554021,2.353252832,-8.459015843,30.65109486,6647.58854166667,5808.44708333333,7749.21565104167,-0.111718922765449,0.609030318260193,0.399698641697566,0.0985646189252535,0.256404789288839,0.0176222215592861,0.00811597134297093,0.219593749841054,1.04081245660782,1.06659126202265
"V7",-4.40788631,1.487759272,-0.370312222,58.71372977,2.255370215,-14.60482654,-7.024108335,5936.44371202257,5409.09627278646,6948.66300455729,-0.137461935611148,0.591637432575226,0.414301839139726,0.093771115773254,0.254304745958911,0.0171435508463118,0.00855610421341326,0.211922634806898,0.815492285622491,1.07390442490578
"IPS1",-3.540225154,1.392684425,-0.554610606,57.25839256,2.213353659,-7.155812001,-12.46475727,5984.1719771984,5376.9704987282,7080.77807049419,-0.0632919828811496,0.608815981898197,0.392161893290143,0.101508692773276,0.258014469992283,0.0175876066435215,0.00819925453817082,0.222528081993724,0.931228510169096,1.0051393938619
"FFC",-2.967863044,1.360470332,-0.04108409,54.66642998,2.831108957,-1.670216714,20.25503125,5751.07954738451,5294.03431768003,6200.04363748302,-0.0969931822157754,0.60678407938584,0.342960874023645,0.0823265124598275,0.307111132404079,0.0186107385822612,0.0120087495154661,0.236981987953186,1.12465018293132,0.998920162086901
"V3B",-4.231006294,1.454751214,-0.475750962,55.98511528,2.218669691,-8.663214794,-2.06131302,5696.94257387908,5372.11442764946,6792.63387398098,0.00378480515675619,0.595318763152413,0.402166172214176,0.0895532959181329,0.267355841139089,0.01601065326806,0.00773243525105974,0.217181600954222,0.9111273781113,1.08892559486887
"LO1",-4.141856543,1.420365624,-0.411190825,61.55334465,2.318196767,-13.81189758,4.584548859,5333.61877441406,5163.72548828125,6341.84047851563,0.0431239974739797,0.589900967478752,0.381475266814232,0.0862496379762888,0.282703870534897,0.018437672033906,0.0104706491343677,0.220662909001112,0.895323532819748,1.15305549502373
"LO2",-4.034440005,1.393680712,-0.653367765,61.3322119,2.629575435,-19.30229779,3.596187333,5241.03443545387,4913.36765252976,6090.39360119048,0.0232803675268466,0.587361259119851,0.37249691713424,0.0836562184350831,0.289442691065016,0.0195495828631378,0.0120652997866273,0.222789288276718,1.01148523035504,1.04685910542806
"PIT",-3.958413729,1.381808308,-1.10822141,54.55415618,2.640393229,-4.378544313,16.66468667,5649.11075846354,5196.64569769965,6251.00254991319,-0.00816804479638284,0.577624258067873,0.372774837745561,0.0830383851296372,0.290929928421974,0.0199206006816692,0.0123642270660235,0.220972021420797,1.05149496263928,1.04125191105737
"MT",-4.090590106,1.499507478,0.234013755,65.83505095,2.443003515,0,-12.91631332,5643.23759191176,5344.2328527114,6450.39815027574,-0.0607158995699137,0.610920432735892,0.375695270650527,0.0850358776309911,0.283233367344912,0.0163316771607189,0.0091379550011719,0.230565845966339,1.01426336344551,1.06127301384421
"A1",-3.761145464,1.747352905,0.468389245,83.93649567,2.655938883,-11.00863871,-28.17119072,6740.49051920573,5813.26208496094,7125.90506998698,-0.30213901731703,0.59311804920435,0.324556281169256,0.0890238837649425,0.310745891183615,0.0170509649518256,0.00928859102229277,0.249334392448266,1.08020694802205,1.12942326317231
"PSL",-0.285388619,1.266078398,1.403843728,68.49900843,2.789908807,-1.964466934,-23.31703146,5826.40496020047,5165.10402233196,6235.3870780513,-0.05033607705479,0.650226956268526,0.33668907520906,0.0991685394689722,0.286431960902124,0.0182110666174371,0.010336235727904,0.249163123234263,1.24025290192298,1.33782923896358
"SFL",3.460853846,1.208760714,0.823767841,56.51383499,2.943575633,1.205860636,1.154318187,6031.62555930398,4920.30467862216,6711.53658558239,0.145321149278331,0.637350790067153,0.20226801796393,0.106940288028934,0.334543565728448,0.0268930253657428,0.0121100244027647,0.317245079170574,1.16370706991716,1.03576999252493
"PCV",-0.799722693,1.291234498,0.055527439,61.00247498,2.538323796,-2.671145465,1.154318187,6357.1947265625,5618.28212890625,6879.65202907986,-0.0789217653482239,0.616189870569441,0.353373678525289,0.108687758776877,0.265178149938583,0.0197394487344556,0.00747493492025468,0.245546029673682,1.10178007814619,1.0186621454027
"STV",-1.038889266,1.315996154,1.116393933,69.4567488,2.777543093,-1.890034859,-2.780644735,5764.52938771802,5192.88026889535,6198.48599881904,0.0888773791894147,0.646396914193797,0.343046652023182,0.0934630327446516,0.288479728754177,0.0181726089483777,0.011085789758972,0.245752184890037,1.1472450744274,1.01389809403309
"7Pm",2.6549768,1.278582992,-0.367161664,61.01543432,2.387170663,-9.681264244,-5.67454821,6570.00504078585,5817.16350241268,7390.7506462546,-0.142896721249118,0.587307330440072,0.383322762215839,0.10505952576504,0.25468824190252,0.0191087189733106,0.00839308513711919,0.229427675113958,0.858226390445934,0.958811276099261
"7m",5.929411649,1.331810142,-0.499535943,65.13351032,2.645124899,-5.978950662,33.43413682,6833.46491887019,6019.66095753205,7700.56865985577,-0.123392294798881,0.587476588212527,0.379619046663627,0.0995988207749831,0.263959142642143,0.0182801571985086,0.00807659668274797,0.230466241255785,1.10589564305085,1.11726754139631
"POS1",3.352420805,1.381284518,-0.34335637,59.62308306,2.738512014,-3.439856951,40.73560869,6175.94300227379,5529.85582585121,6839.17533669543,-0.170042849643606,0.573807270669225,0.351192262635302,0.0906353283729126,0.296642523648134,0.0197453457973341,0.0111174597752406,0.230667085345112,1.22224629814945,1.20167481543413
"23d",4.204714581,1.307838918,0.504547538,74.85747598,2.988938822,1.60439808,1.154318187,6730.49723307292,5473.03972981771,7061.97068684896,0.0328411304611055,0.616023999452591,0.271900320053101,0.115945968528589,0.307887182633082,0.0261272807295124,0.0121863421673576,0.265952907005946,0.836743579308192,0.950952784220378
"v23ab",5.847326226,1.401965796,-0.267838357,66.6910069,2.891930518,-1.323582599,35.93054609,6585.63124150815,5842.14799167799,7399.66501783288,-0.119993589654634,0.587693968544836,0.344329066898512,0.0959209343013556,0.290224014416985,0.0203099956169077,0.0105355601028904,0.238680424249691,1.18062590516132,1.1119186308073
"d23ab",5.84778536,1.401504903,-0.09587334,78.75248684,3.152313645,-0.435055575,35.86070346,6713.18859049479,5639.98181966146,7596.12574869792,0.135658264707993,0.587993460893631,0.301498652497927,0.107688673585653,0.2992778023084,0.0232526727641622,0.01105547985062,0.257226720949014,1.15486025015513,1.07526845534643
"31pv",6.176458757,1.336248005,-0.130731973,69.2446208,2.616394965,-5.893424163,19.97202228,6323.74009261593,5328.81651650706,7092.47542842742,0.0044623036778325,0.593135708762753,0.320676993939184,0.102540088036368,0.294386133070915,0.0209694937352211,0.00998166666155861,0.251445615964551,1.24508973475425,1.11448658281757
"5m",-5.224428415,1.472547999,0.003820125,48.25817399,2.261135846,-10.04749756,-26.63544204,6270.63223544034,5410.8887162642,6679.4814453125,-0.10496853154081,0.578696615768201,0.325930687514218,0.115920782766559,0.271441875985174,0.0223141601026961,0.00798994373304374,0.25640254129063,0.704119810552308,0.847777142669215
"5mv",-3.97839372,1.299266312,0.248368988,46.30299489,2.208743339,-6.806313439,1.154318187,5677.45770363729,4895.15524942367,6027.87291880123,0.0548892863375335,0.63253299036964,0.311293216513806,0.115741146881072,0.282607268603122,0.0218291664038037,0.00795659857237192,0.260572601781517,0.841548411572566,0.826869936262975
"23c",-2.141789335,1.252193332,0.598666928,59.39915229,2.473750106,0.890895847,1.154318187,5920.78070464692,4962.19372082995,6097.39508928571,0.149664600129898,0.639297555019329,0.291428345170888,0.110549629605436,0.301000799064512,0.0240522285608889,0.0112538100462165,0.261715185719651,0.941118478775024,0.888861256760436
"5L",-5.020228624,1.286240377,-0.168737033,45.92523366,2.175561277,-1.952552454,-23.42307528,5641.96039287861,4968.93088003305,6178.21499399038,-0.0122346915080785,0.586213571520952,0.339947135975728,0.11834658180865,0.258947460697247,0.0228369634670134,0.00890505297754246,0.251016804518608,0.787990686985163,1.00261166921029
"24dd",-5.185046141,1.44151492,0.816705756,52.39461748,2.747962724,-1.584754819,-26.29931758,6110.04601702009,5241.06496930804,6367.11073521205,-0.0529437237399457,0.568760733093534,0.262081871713911,0.116879058629274,0.306896428125245,0.0245916361255305,0.00957522655704192,0.279975779141699,0.917173285143716,0.92074596796717
"24dv",-4.710601094,1.302292062,1.187403503,52.85629469,2.671700545,4.726901783,-29.51168435,5952.45283647017,4958.58846768466,5916.29750754616,0.0334762770905901,0.580491525205699,0.2463780421425,0.11032640510662,0.320485992187803,0.0245040766894817,0.0103541870432144,0.287951292639429,1.14431487701156,1.07380795478821
"7AL",-4.033635842,1.273317854,0.209768164,53.36471243,2.177858315,-4.006655784,-28.9646275,5582.39605978261,4923.45032269022,6141.80352694746,-0.0143908072128206,0.584337056546971,0.350961658833683,0.118025321999322,0.255796612172887,0.0212668280616619,0.00861988415050766,0.245329693823621,0.905552178189374,1.07279946406682
"SCEF",-2.616674461,1.285971679,0.950716828,57.68584654,2.859771501,0.297869537,-26.53685838,6460.86216905382,5403.92011854384,6986.65473090278,0.0630355777640669,0.601137064397335,0.227266314749916,0.110969754453335,0.322128570742077,0.0243116224236372,0.00905793021795236,0.306265807814068,1.1733238481813,1.0824460114042
"6ma",-1.490865317,1.233721999,0.592467942,53.00823219,2.708718362,1.038918506,1.154318187,6010.08879394531,4984.68228352865,6670.22325032552,0.0681221152956009,0.604027299086253,0.217374568680922,0.111872186635931,0.322675775488218,0.026124144004037,0.0110249461295704,0.310928378005823,1.16709961394469,1.06050582826138
"7Am",-1.964545976,1.241255163,-0.282622014,57.43023587,2.35692358,-4.2285031,-5.108628492,6073.55573167067,5390.06071213942,6607.88488581731,-0.0448094481673951,0.599768141599802,0.369071893967115,0.109483323074304,0.254579941126016,0.0200551945429582,0.00832465584748066,0.238484996327987,0.94353237427198,0.977295706822322
"7PL",-1.082045245,1.312521047,-0.520704126,59.72603963,2.30233811,-6.351193439,-16.151415,6134.93791647518,5324.65405273438,6903.40050551471,-0.140930333008458,0.587659522014506,0.392478778081782,0.106966233209652,0.246927110587849,0.0194811921785859,0.00907904315082466,0.225067639613853,0.959142749800402,0.947617529069676
"7PC",-4.570985063,1.334758842,1.31939335,55.17671595,2.32035532,-4.614233122,-32.93618128,5641.51648615057,5194.39436257102,6375.83353160511,-0.00959278197634766,0.595853494514119,0.345477414131165,0.123049021850933,0.257640888474204,0.0207227456298741,0.00838245106860995,0.244727480140599,0.91413060426712,0.991697814247825
"LIPv",-3.871542389,1.420087327,1.566183503,61.46588851,2.189005072,-5.704959434,-29.09063952,5945.15049235026,5438.4435933431,6934.09514363607,-0.0662122150462848,0.614600153019031,0.359576392297943,0.115441172228505,0.257083470622698,0.0190798817978551,0.00790030359833812,0.240918780677021,1.06929455076655,1.12655838082234
"VIP",-3.846190863,1.338807011,0.619310414,58.52936962,2.264843459,-5.473147126,-22.23674874,5548.36720002003,4995.40592447917,6450.10921223958,-0.0723080069429296,0.591636193104279,0.372096848793519,0.114100369123312,0.249513221856875,0.019973541633823,0.00877693691887917,0.235539079476626,0.986989045754457,0.971135474168337
"MIP",-0.910968319,1.358643571,0.434380279,57.78441729,2.250103837,-4.380458611,-14.94083542,6064.54486553486,5387.15616548978,7105.09163724459,-0.0729282063679123,0.617895550452746,0.378629216207908,0.10914930429023,0.256114220676514,0.0181417391420557,0.00799215835734056,0.229973362615475,1.14212908194615,1.12518312953986
"1",-5.244828921,1.443907533,0.670584758,52.64387264,2.28167113,-9.078681104,-29.51168435,5596.32403518562,4982.01203080945,6264.23246960174,0.0769397850977037,0.565063077256196,0.311367458866951,0.126796516540803,0.273851700071105,0.0241423536204082,0.0107177020491738,0.253124266974908,0.92452227262626,1.01834328954381
"2",-5.141620656,1.372950756,1.063408396,55.75845594,2.1490207,-2.926697227,-33.71977001,5801.84944152832,5172.42204589844,6342.61985778809,0.0327426247160554,0.582614996284246,0.329083635471761,0.126650743046775,0.265816500410438,0.0218980483710766,0.00876684574177489,0.247784223780036,1.05365487672389,1.08182048797607
"3a",-4.977772156,1.553039401,0.097161012,56.90701786,1.9842642,-7.401215365,-26.29931758,6288.52170632102,5454.9879128196,6787.33442382813,0.206806564352141,0.559179502725601,0.295708078687841,0.118870415403084,0.292078383131461,0.022708892009475,0.00971006167713891,0.260924169827591,0.934502936493267,1.01190402561968
"6d",-5.218333804,1.429493946,-0.35321614,58.24609603,2.818259215,-6.923811445,-33.71977001,5792.89655172414,5106.3469995959,6525.11399683459,0.065885835041661,0.574404462658126,0.263636753990732,0.129437565161236,0.286838582363622,0.0258324586882673,0.00968674698780323,0.284567893579088,0.938982050994347,0.869936266849781
"6mp",-5.058044201,1.399763448,0.217010488,49.08509706,2.621255823,-3.022198009,-26.29931758,5877.32952400808,4976.5614301703,6382.35325776861,-0.0195606343978499,0.565938780816753,0.252832114529074,0.120665691374393,0.299567628442571,0.025931328325794,0.00992851102661886,0.29107472501444,1.04665620809191,0.931853604450654
"6v",-4.155620995,1.3003061,-0.309915233,68.73259652,2.95391055,0.13943078,-33.71977001,5542.7749528556,4927.48865167026,6279.02806775323,0.204327075183392,0.580864186944633,0.241559958149647,0.11283049706755,0.328908795940465,0.0252538681801023,0.0135240098461509,0.277922879005301,1.00497759827252,1.01754656947892
"p24pr",-2.6184304,1.17348748,0.840547826,64.36785978,2.901209188,6.489524042,-32.3564771,6317.97998046875,5232.03986328125,6009.26109375,-0.103195149132184,0.616797368526459,0.252428382635117,0.108426217138767,0.320771725177765,0.0264921909570694,0.0131659615784883,0.278715530633926,0.836887979507446,0.919325661659241
"33pr",0.030577257,1.099204595,0.585081364,49.43572229,2.316063968,10.34005797,-22.58209719,6189.82290926847,4811.01134144176,5673.7284712358,0.154917920163522,0.61735750599341,0.246118313886903,0.106378590518778,0.327896888960492,0.0247118485752832,0.0116683958013627,0.283225953578949,0.823521882295609,0.92731543562629
"a24pr",-2.555705524,1.141324758,0.947093333,66.10714577,3.035419491,11.49930504,-20.28943282,6332.72568359375,4999.88908203125,5907.97869140625,0.0255734367174623,0.607930197715759,0.226661705970764,0.103081214427948,0.340089117288589,0.0244578212499619,0.0115904364362359,0.294119699001312,0.954775197505951,1.0198429274559
"p32pr",-2.333168318,1.223635516,1.118652697,53.3061131,2.837993107,9.836965501,-18.88847677,6175.8077002992,5074.54609582779,6322.0299098238,0.0879663679590251,0.6082620899728,0.221967891492742,0.104830167077957,0.33752396258902,0.0239902468437844,0.0104966043752242,0.301191130217085,1.10484609832155,1.10534265954444
"a24",4.738901309,1.100247786,0.604936275,60.39815879,3.137868337,12.40959912,24.51642069,6405.65467834473,5066.96691894531,6229.85572814941,0.163595448732376,0.616293348371983,0.177988391835243,0.0857625065837055,0.344836264848709,0.02331480931025,0.0122437760874163,0.262104247696698,1.24040097370744,1.1906892247498
"d32",4.979694786,1.181754927,1.04189866,54.72726068,3.011285847,7.420041589,-1.614807537,6163.91345214844,4960.28051757813,6524.1594543457,0.16223791832189,0.628795357421041,0.186711173970252,0.0976552392821759,0.368296577595174,0.025221572665032,0.0121320468606427,0.309983390383422,1.16307058185339,1.06356802582741
"8BM",4.42519095,1.215447155,0.884212724,60.97764484,3.043634112,2.14529388,5.16854697,6433.99932617187,5154.50990234375,6987.1484375,0.0865081341891382,0.629644659757614,0.192365910708904,0.102872071415186,0.348660371899605,0.0256407333165407,0.0115625500306487,0.318898366689682,1.17627571821213,1.11337536811829
"p32",4.093168737,1.167166062,0.458971667,56.52196933,2.724460806,10.75163022,19.94026422,6207.20485276442,5027.80453725962,6384.88919771635,0.152742289721833,0.605633309254279,0.189129365178255,0.0939113695461016,0.384198289651137,0.0276645637618808,0.0151926284441008,0.289903784027466,1.1528093952399,1.07947066655526
"10r",5.583165024,1.210054707,0.26933957,65.60394547,2.61342293,6.467823953,20.21736591,6382.13844517299,5345.35182407924,6757.39622279576,0.0383174145525252,0.615823030471802,0.189552097448281,0.0918136098022972,0.390184119343758,0.0290590449502426,0.0170057499116021,0.282385383333479,1.02928281681878,0.920113329376493
"47m",4.503989118,1.383215265,0.922613596,77.09830649,2.723082069,-1.922118949,29.51260974,6279.62175641741,5195.84186662946,6842.77371651786,-0.194061089720991,0.652282182659422,0.206905905689512,0.0910461683358465,0.384544215032033,0.0290057361125946,0.0183886712683099,0.270109304359981,0.929245382547379,1.0211609176227
"8Av",6.093618148,1.256405544,1.366006434,72.73271848,2.732538446,-0.153167137,1.154318187,6074.31806320441,5087.96301069416,6982.02945696721,0.0989817116272798,0.626627477466083,0.199435934180119,0.108466915175563,0.346817583822813,0.0255025898213269,0.0118264011489075,0.30795056751517,1.17112463028705,1.20673881984148
"8Ad",5.743521528,1.242983714,0.585763251,66.69593491,2.579925551,2.110156099,28.38251627,6157.1293285473,5120.87171399915,7010.56030273438,0.134706259705126,0.634657442569733,0.191628374763437,0.101983600673643,0.356007019812996,0.0251073685248156,0.0118744341354515,0.313399201309359,1.19664780996941,1.19550335729444
"9m",6.248717644,1.16257272,0.57397801,58.42121251,2.887022813,5.245235446,25.22689521,5997.48751395089,4973.04539620536,6457.3723702567,0.0660989455212731,0.623977388654436,0.177532929394926,0.0958324774035386,0.373275300434658,0.0287989186655198,0.0157940091698297,0.308766363774027,1.12101020302091,1.06018156579563
"8BL",6.528720742,1.190529989,0.517823653,61.63205257,2.852952806,2.760459561,12.73740008,5646.52100929054,4617.51691828547,6290.60160209037,0.141524325575559,0.628424306173582,0.182555521259437,0.0988679014750429,0.357456728413298,0.0274003675660572,0.0140787933676227,0.319640679939373,1.15054396358696,1.11292925074294
"9p",6.115798524,1.186311837,0.513103039,66.69411537,2.538482135,2.720565866,17.47815237,5713.72002377717,4785.19110903533,6359.8473271909,0.201577598398382,0.633763016565986,0.179377822772316,0.0961063557668873,0.3688451965218,0.0271449032361093,0.0143906770516997,0.314135040925897,1.18610623608465,1.14184740315313
"10d",6.241241285,1.188814687,0.486270873,60.24963606,2.554117582,3.986966534,1.154318187,5867.11028053977,4985.3393022017,6542.50154474432,-0.102171007718425,0.61197873137214,0.177942022681236,0.0949106328866699,0.379897706617009,0.0340567539022727,0.0212294342165644,0.291963451558893,1.05821562138471,1.10363463705236
"8C",5.250130163,1.291776599,1.025261348,70.75482037,2.591687331,-0.707705584,18.01697788,6381.12042720734,5353.2279343378,7390.15444413442,0.0651067283765699,0.674197851665436,0.208390532504945,0.108126978552531,0.349667247325655,0.0245259353329265,0.0114416967456539,0.297847609198283,1.11950242519379,1.226044034201
"44",3.642548987,1.261437062,0.89356122,73.29573896,2.76029791,3.120753083,5.795062398,6352.56454190341,5425.68513627486,7084.23980158026,0.141372317664845,0.656324534253641,0.227641446007924,0.105936385521835,0.349058176306161,0.0267059368250722,0.0150718277912926,0.275586225092411,0.740855846892704,0.81808074360544
"45",3.960216308,1.291641913,1.448775618,72.54466278,2.645843274,-0.156104431,20.53104909,6203.15666975055,5202.25659608004,6918.62253289474,0.0025561562478088,0.635340492976339,0.219115282098452,0.0986776214681174,0.364650899380968,0.0277962209493445,0.0163768172721591,0.273383162523571,0.815634574806481,0.993706449082023
"47l",5.717270463,1.248066942,1.503341463,74.43269887,2.755347823,0.269615399,22.66317878,6133.37134415064,5184.61846454327,6729.82703575721,-0.204498950730671,0.632583199403225,0.213929843444091,0.0933319844114475,0.377132107814153,0.0280348393970575,0.0174172600396933,0.27015396570548,0.800493610210908,0.980262539325616
"a47r",5.699348875,1.203771451,1.436387556,73.54397104,2.669397218,1.718254711,1.154318187,5745.83895979256,4932.78535829741,6549.84140961746,-0.141145439968783,0.611772773594692,0.198911588767479,0.0936890656835046,0.384797965658122,0.0327849433082959,0.0213185419360625,0.268497895577858,0.867930187233563,1.00998850320948
"6r",-1.202369247,1.254677244,0.248202234,73.6382722,2.704866612,2.281345158,-25.19287112,6352.11464436849,5370.37481689453,6827.27311876085,0.14441576341898,0.60996309419473,0.243235428507129,0.107184777553711,0.33925537019968,0.0248727218454911,0.0138167483318183,0.271634959926208,0.991444126599365,0.995480782455868
"IFJa",0.981543724,1.348879873,0.659813902,69.54805408,2.566178448,1.303940063,15.83520297,6374.96153428819,5426.06633843316,7235.25014919705,0.100762535199716,0.662877172231674,0.219102466271983,0.10703430386881,0.350113338066472,0.0245160956142677,0.0121709754587048,0.287062828739484,1.07724524868859,1.05026946630743
"IFJp",1.418288213,1.340812743,0.3657404,69.60343674,2.547014866,5.033623495,-4.637107853,6398.12025035511,5532.19161339962,7213.47222715436,0.173878784088985,0.646582679315047,0.226333056886991,0.108225371349942,0.341814194664811,0.0232552696358074,0.0107982988102418,0.289573808511098,1.15860041343805,1.26773115721616
"IFSp",2.927724277,1.337703561,1.117337818,70.72945832,2.502015138,-3.662090865,21.39447511,6427.18560791016,5443.52380371094,7317.36320495605,0.118081377332823,0.661466961726546,0.212585687171668,0.10638045030646,0.356928874738514,0.0266233023139648,0.0141408582567237,0.283340839669108,0.847665091976523,0.898976549506187
"IFSa",0.843969621,1.271458715,1.69633,70.68250879,2.489731948,-2.316676317,8.494760581,6256.33421688988,5316.02118210565,7164.96301850818,0.0172613094486719,0.645506836119152,0.206990131310054,0.101139492754425,0.366777620854832,0.0289843268249006,0.0168606227130762,0.279247815410296,0.877780149380366,1.08672306367329
"p9-46v",3.28785268,1.267025549,1.120040132,73.61628475,2.529579768,-4.256697514,8.823177439,6255.78244676777,5319.53627642463,7216.94282322304,0.106849458501009,0.675621932628108,0.200580122716287,0.105740818030694,0.362274050128226,0.0274529464762,0.014564095576312,0.289387971747155,1.02912570565355,1.24919945585961
"46",0.065639252,1.209856023,1.265333588,71.90838191,2.564431712,0.252489273,17.59608872,6152.52607996324,5280.83980784697,6919.77102481618,0.144542027035027,0.657471586676205,0.191840639885734,0.101259394822752,0.366733970010982,0.0277391144293634,0.0148128408199067,0.297614037552301,0.977708252913812,1.3220895160647
"a9-46v",3.368475216,1.235374298,1.827765957,77.24330246,2.531326208,0.544144512,17.59608872,6259.43116295856,5338.56151282269,7258.22102156929,0.078607761164141,0.639820389125658,0.193631469879461,0.0978758817781573,0.375573380485825,0.0313260644755286,0.0186320658489738,0.282961137916731,0.94442151422086,1.13306917055793
"9-46d",1.092780526,1.214566152,1.210101754,69.06927565,2.452613574,0.224101205,9.375203453,6309.28547595796,5327.85976446243,7035.43703497024,0.123755332315341,0.672277691818419,0.188723311537788,0.0972379102770771,0.37262844791015,0.0277100863334324,0.0150852843209924,0.298614961405595,0.863367307044211,1.15058226883411
"9a",6.040810222,1.184590363,0.689564729,65.33341769,2.423823962,1.758070217,1.154318187,5739.2182525059,4901.69833431604,6429.880481648,0.0900779233609394,0.63517020895796,0.179653271189276,0.0946034579625669,0.376832656140597,0.0298350382736831,0.0171579083884662,0.301917668221132,1.02001950650845,1.03677885262471
"10v",6.232228937,1.161186244,0.15492898,66.82663253,2.78919018,6.349664275,13.1906067,6135.80133611506,5323.26521439986,6638.72022594105,0.00178746571547763,0.624186838215048,0.194786726751111,0.0891939281401309,0.395179082046856,0.0308072949251668,0.0196122823029079,0.270420694893057,0.89267654039643,0.800941562110728
"a10p",5.018749347,1.206887326,1.080868171,68.62580817,2.489899886,0,9.375203453,6044.64612630208,5271.45162760417,6919.82010091146,-0.117205430978331,0.6124021311601,0.188608719408512,0.0936677095790704,0.387700708707174,0.0338858523716529,0.0216966645171245,0.274440348148346,0.947490441799164,1.11853054960569
"10pp",6.168296129,1.181535116,0.665898947,61.09550012,2.665759553,4.83043559,1.154318187,5589.05991617839,4854.52229817708,6259.24802652995,-0.0844160953830653,0.618360603849093,0.187189710016052,0.0897365063428879,0.395892494668563,0.0340943698926518,0.0226121263888975,0.270474784076214,0.994915301601092,1.04448935886224
"11l",2.798269275,1.206054426,0.796601988,65.64810537,2.72843265,1.502592882,1.154318187,5781.12163880814,4907.77838844477,6439.16835483285,-0.265556681258925,0.641734117685362,0.201316305371218,0.0875215026181798,0.394174756005753,0.0293550564539294,0.0187557499509218,0.268876632285673,1.06089096429736,0.936637703762498
"13l",2.192348179,1.242757141,-0.009298044,72.68723985,2.800519897,5.842276414,21.36442519,5920.44243164062,4949.54690429688,6406.81190429687,-0.131992962677032,0.623529359102249,0.220965850949287,0.0852772080898285,0.387569487690926,0.0257728707417846,0.0164637930132449,0.263950787186623,1.11846036195755,0.819322093725204
"OFC",5.283471618,1.201062542,-0.343576939,64.81173731,2.300132143,7.952658629,1.154318187,5913.12333449272,4905.38707325557,6306.69632250642,0.0451519505647839,0.620929234648404,0.220216669856685,0.083296985965069,0.393687703838087,0.0265215980526927,0.0173772573981383,0.258899780985427,0.975666807938928,0.66711327801012
"47s",5.30868679,1.240117631,0.340813182,70.21120439,3.02177445,7.350967929,20.11987504,6163.99754638672,4962.25362548828,6255.62257080078,-0.152469692264938,0.603427995741367,0.229527219757438,0.0865911090746522,0.377891615778208,0.0249333136249334,0.0156998327001929,0.265356910973787,0.882764945924282,0.940710705518722
"LIPd",0.688503315,1.38185499,1.186463,63.60239165,2.286913882,-5.575084871,-14.78618742,6329.63357062089,5581.72381270559,7393.43992855674,0.0109552781796083,0.648682148833024,0.356311831819384,0.112210180806486,0.265397855325749,0.0181049526129898,0.00762715357306756,0.240348020274388,1.21819222600837,1.13757261477019
"6a",-2.511655771,1.320830993,0.662160724,64.51489583,2.543474249,1.029335024,-34.77789916,6026.53470828555,5230.0730002867,6834.75310439364,-0.00336073632480218,0.596087106870949,0.236187925169227,0.116908187713098,0.313146096303922,0.0242730135764551,0.00915562323029709,0.30032915451111,1.18084114954012,1.07304320477564
"i6-8",3.970367513,1.285593665,1.354148806,68.01174716,2.722182601,-0.567031733,-2.727841894,6271.36487165179,5232.55309709821,7139.46648995536,0.0443750107406231,0.619280900274004,0.209808094160897,0.110174399188587,0.336491230555943,0.024322583047407,0.0100450411971126,0.309158647060394,1.16891648088183,1.02437089851924
"s6-8",4.902885716,1.218229888,0.607328519,67.71760839,2.779955882,1.899100756,1.154318187,6031.88813219572,4955.58460115132,6866.84418688322,0.119250406751235,0.624447123000496,0.195879116654396,0.104554933152701,0.344625989073201,0.0255829328180928,0.0116988718019504,0.317658143608194,1.24102245506487,1.00834998645281
"43",-3.760081185,1.292826604,0.046196749,71.64367113,2.802894513,-0.680965047,-34.08867186,6251.60041437922,5214.74253061655,6345.27917810388,0.113601246712041,0.59091391273447,0.279653983744415,0.0983560538372478,0.330066226624154,0.0237156960207063,0.0150859100693786,0.25312213317768,0.905259712322338,0.845977970071741
"OP4",-4.39661919,1.28784756,0.143087467,61.53452951,2.760603558,-4.353529128,-28.17119072,5832.86293764468,5079.24552408854,5992.30202003762,-0.115482694660412,0.585132477460084,0.304534329308404,0.0991657354213573,0.313080523852949,0.0215685485551755,0.0129595510834069,0.248691310485204,1.07998650714203,0.880600255948526
"OP1",-5.048582659,1.388200479,0.598519525,56.59349116,2.840295234,-0.314698219,-32.72405111,6140.02134195964,5361.03087361654,6265.25836181641,-0.35302241093346,0.585652171323697,0.321927806983391,0.0965295011798541,0.303976338977615,0.0177612055558711,0.00921434718960275,0.250590799376369,1.11040966709455,1.03717629363139
"OP2-3",-4.399528476,1.384312302,-0.378514823,51.58190979,2.576788879,-6.712660481,-25.14738649,5950.18755677689,5033.34519213299,5985.63945539608,-0.279350292351511,0.576029367225115,0.305919957022334,0.0964455275341522,0.3142923664215,0.0196402778545784,0.0107144077070231,0.252987465193105,1.10013648798299,1.06007692702981
"52",-3.611160176,1.352271917,0.607215971,67.86904461,2.315529002,8.927245031,-16.90169086,5967.91999421296,4919.88107638889,5874.8431712963,-0.235254350239816,0.603770487838321,0.317155718803406,0.0878312132424778,0.320408269211098,0.0190544659616771,0.0112580572841344,0.244292285707262,1.04237107877378,1.11717519053706
"RI",-4.164934427,1.491802314,0.661123108,63.58941529,2.399823028,-3.853519116,-31.10541598,6011.33972167969,5197.36247035435,6221.27760532924,-0.237528639673083,0.581511549651623,0.323023478899683,0.0964340760505625,0.302887643554381,0.0174306196692799,0.00877365988812276,0.251450520008802,1.16708145184176,1.20339246945722
"PFcm",-3.911876509,1.353567114,1.068225369,61.83235727,2.635277367,0,-34.08867186,6275.29442223837,5342.74935274346,6372.29648891715,-0.234596533933654,0.615727625613989,0.325878634702328,0.10000169311845,0.295718133449554,0.0176996872868649,0.00910302589452544,0.251598828407221,1.21666755787162,1.32550753410472
"PoI2",-3.390209756,1.204211979,0.26811286,58.33597971,3.186109537,12.58438605,-17.57072187,5926.56625677615,4726.91235849809,5149.69179488202,-0.30097661100328,0.607447475803142,0.277389921704117,0.0898698515125683,0.340508794906188,0.024651936958639,0.0164575290923216,0.25112196863914,0.871743458874372,0.802098811889181
"TA2",-3.261084075,1.241538011,0.917056067,65.91201498,2.8479319,8.311255138,-12.9142929,5401.34181810462,4663.49076511549,5103.93941066576,-0.345050254464149,0.604714276997939,0.285079817409101,0.0870394421660382,0.344699722269307,0.0221105660919262,0.0143758634753201,0.246694587495016,0.874836297138878,0.869467981483625
"FOP4",-1.606406378,1.195208965,0.748698075,62.1903077,2.877854036,4.928476122,-19.05877742,6225.25155362216,5161.37190015388,6368.58998431581,0.00200840937387612,0.628721621903506,0.236518335613337,0.0989325393104192,0.353375154011177,0.0245694191561955,0.0139875785927429,0.272616971622814,0.840267418008862,0.903352177504337
"MI",-1.423858231,1.131935712,0.682576085,68.87010595,3.197584767,11.9482365,-17.57072187,6350.32289817116,5169.71987082741,6270.95233709162,-0.315129216346476,0.606368624351241,0.248838564550335,0.0971577145497907,0.347383404319937,0.026090968654237,0.0165012492798269,0.264028101482175,0.82436528801918,0.769073675979267
"Pir",-1.948781804,1.338153565,-0.7317833,50.62750266,2.976318294,13.7770463,13.25001158,2873.99989720395,2257.45320209704,2341.45496247944,-0.0671012889208333,0.327691686780829,0.0867941081523895,0.0287605220157849,0.12521975448257,0.00863431452920562,0.00592923992754597,0.0867673205701928,0.41730640593328,0.306415546097254
"AVI",1.761330099,1.241454364,1.026222857,66.22986704,2.920858605,4.211544591,-5.569497168,6192.01140802557,5021.04219193892,6486.31820401278,-0.167179356273707,0.611034759066322,0.223179717632857,0.0971777733754028,0.364436896009879,0.0256637114692818,0.014752243984152,0.274789654395797,0.855153440074487,1.00961157815023
"AAIC",1.845114293,1.139097341,-0.091506554,62.53189905,3.50028803,17.64887705,3.284107125,4697.41828070746,3737.49666341146,4320.74171278212,-0.128159011543947,0.464171475834317,0.184419512334797,0.0719508054769701,0.27935772223605,0.0232202486755947,0.015760473234372,0.203069012198183,0.588240924808714,0.556439134809706
"FOP1",-3.200791201,1.23474977,0.125880735,68.2022629,2.840494409,4.317659589,-32.72405111,6424.36953735352,5347.44485473633,6318.03356933594,0.122603110755639,0.601304940879345,0.276128018274903,0.0944385682232678,0.336988475173712,0.0232863463461399,0.014664048620034,0.254494536668062,0.774950470775366,0.751954298466444
"FOP3",-3.065202763,1.197741751,0.562948475,53.5509809,2.658979455,8.57464494,-17.57072187,5911.22429435484,4935.93409778226,5888.68279044859,-0.021062924937966,0.612603695161881,0.260758489851029,0.0973742976784706,0.339881123073639,0.0243398113957336,0.0144255659392764,0.263220718791408,0.957817637151287,1.01693499665107
"FOP2",-4.578192727,1.253791805,-0.099836038,48.48787557,2.661046286,6.710210283,-25.14738649,5779.19079059103,5000.49838654891,5661.2931810462,-0.132167033492946,0.59350365659465,0.282959576534188,0.0954187969150751,0.330178748006406,0.0215833085872557,0.0125454304253925,0.25731414426928,1.07005797780078,1.06578016281128
"PFt",-3.472942115,1.279420188,1.441313293,56.65288827,2.427631752,-1.685201045,-33.22191056,5721.80979614258,5070.28029785156,6171.82238769531,0.137455237376045,0.613550383597612,0.313854112103581,0.118726869300008,0.28390161767602,0.0207032172707841,0.0102506246767007,0.252563558705151,1.37510514706373,1.20088491439819
"AIP",-2.107337847,1.346473015,1.590238017,60.70235793,2.304232123,-4.723286848,-26.10286546,5936.27547121511,5410.08601809011,6731.41946677791,0.132258294775966,0.630843424681321,0.344153855032134,0.118922520971414,0.269455952841101,0.0185748068887053,0.00766256910034464,0.241230293819048,1.26625221620486,1.17685022747632
"EC",3.019885616,1.351163636,-0.268066019,34.39474196,2.78960777,12.24699083,34.71960033,4686.44404296875,3693.76335797991,4232.83080357143,-0.305347524326423,0.542971089908055,0.239180805853435,0.0651857190898487,0.274454597064427,0.0179435802357537,0.0124287583466087,0.190806535312108,0.865539394106184,0.75928646666663
"PreS",0.233993838,1.683598579,-1.613936875,52.44214655,2.049642716,8.969873508,34.17564491,3932.7058151533,3083.01949900501,3451.07778412441,-0.0998446197508899,0.393394750244213,0.223564290213135,0.0601572647409619,0.22235132894426,0.0155543356712134,0.0104235599063477,0.166062429828464,0.519654864410184,0.418052162201899
"H",0.335829962,1.082641312,-1.317298779,47.10517052,2.588391016,7.052583787,37.70019495,0,0,0,-0.0049099320715124,0,0,0,0,0,0,0,0,0
"ProS",-3.588130185,1.378741358,-1.097784309,47.44688839,2.174790324,1.387715347,19.42725657,5637.97447916667,5240.54861111111,5941.96394314236,-0.0474841230548918,0.55550594859653,0.337465837928984,0.0857630787624253,0.31216520998213,0.0187114636103312,0.0109249051246378,0.23496950533655,0.83485422929128,0.94694584608078
"PeEc",0.018441169,1.142642046,0.207702221,10.29175525,3.230443815,14.82120267,30.65109486,4887.19119064529,3886.44409496753,4514.89104035613,-0.12024081471803,0.5783747891327,0.243685089148484,0.0685124262780338,0.297103768819338,0.0193091927507481,0.013784110171164,0.201761258306441,0.961259514480442,0.793368822568423
"STGa",1.253940978,1.117855911,0.739506038,59.28514839,3.299857104,10.508686,10.43580661,4898.27120535714,4268.00747535342,4808.27646019345,-0.101476424697625,0.603849604016259,0.249314836802937,0.0830292236946878,0.370652197372346,0.0249390448665335,0.0175097461878544,0.254554950055622,0.928813607919784,0.948547678334372
"PBelt",-3.506961968,1.49085344,1.119681928,70.04076551,2.666773252,-5.648011212,-1.550323204,6079.28886510971,5510.69203997673,6414.31894115691,-0.236255965488298,0.586958526296819,0.335830788663093,0.0881801214306912,0.303817529627617,0.0171693573368991,0.0100972509368303,0.24490494835884,0.930238629909272,0.991643851107739
"A5",-2.095631195,1.311737442,1.310704514,71.75998138,3.006775417,1.4438691,10.43580661,5469.08701578776,5029.50729370117,5808.19801839193,0.0354972133720894,0.606747535367807,0.314079182843367,0.0860546743497252,0.320560212557514,0.0206317529470349,0.0138289910391904,0.244845199709137,0.944395840167999,0.974101303766171
"PHA1",0.611933481,1.348825916,-1.795211897,54.18355826,2.817200736,4.820368891,37.70019495,5747.6947582348,4772.19109612542,5241.79820787585,-0.282465231372043,0.568233266070082,0.319753814387966,0.0856660930691539,0.319079715657879,0.0208634467845833,0.0137773074864133,0.240859625307289,0.74684673869932,0.639427697336352
"PHA3",-1.304888487,1.256853034,-1.140905871,46.76369126,2.696323677,6.750685521,39.14760929,5326.40376613451,4751.47433338995,5407.41132387908,-0.187884837449078,0.565745561019234,0.319580334684123,0.0836983831680339,0.320399894662525,0.0207976330800549,0.0140107836088409,0.241512970431991,0.849504126154858,0.847087111162103
"STSda",1.752532581,1.226788177,1.282251804,66.42506429,2.783843213,5.512161902,18.15470858,5246.525390625,4732.76255967882,5554.66517469618,0.0542976957983635,0.622030049562454,0.288518720202976,0.0832767474154631,0.344949617981911,0.0218326138435966,0.0149832432054811,0.246439054608345,1.09405927360058,1.23234924342897
"STSdp",1.801059984,1.337035875,1.477912575,66.62186838,2.61597532,0.016242112,10.43580661,5558.07694367439,5130.24318768901,6073.82540795111,0.0606429166942394,0.640042255963049,0.332067094983593,0.0844645347566374,0.309540589970927,0.0170110105987518,0.0104882780522589,0.246428490165741,1.24236625048422,1.22086995263253
"STSvp",5.8449665,1.273582117,1.4557625,66.02519157,2.779958302,1.578898533,18.15470858,5552.95107886905,5046.94522724454,6113.28293185764,0.121530766031988,0.639071178814722,0.327740608699738,0.0819269512144346,0.313885489626536,0.0166344459183396,0.0104832771485524,0.249329227303702,1.2157055896426,1.12400992900606
"TGd",4.672177798,1.08588071,0.636254677,18.54807905,3.23123965,12.33187985,12.73740008,4700.66455518018,3944.62398384713,4514.4872101105,0.0357283645716961,0.602590037358774,0.181982219756187,0.05964064926983,0.277531615517161,0.0201199255246031,0.0150504065677524,0.184413923739313,0.895978583945884,0.73834764957428
"TE1a",6.412014944,1.162177715,1.574105575,58.31211114,3.187428833,6.895709174,29.06123426,5126.46966145833,4503.34321831597,5577.69287109375,0.235094259970072,0.622847297456529,0.276900659004847,0.0811397193206681,0.354862458176083,0.0242529159204827,0.0180644277483225,0.244779828190804,1.20024669435289,1.11409433550305
"TE1p",5.071964629,1.232511337,1.497965198,72.61798819,2.958685008,2.918179683,15.57731266,5475.14154296875,4838.70736979167,6071.82858723958,0.236089316272252,0.632938519318899,0.318814367850622,0.0841889108220736,0.314761232535044,0.0199533578753471,0.0138037469858925,0.248478378852208,1.17018834908803,1.10892571687698
"TE2a",4.87714166,1.186493195,1.658919718,28.66637513,2.859289639,7.495523468,1.154318187,5306.04319309544,4571.56922376478,5739.95645718961,0.221290173290734,0.602847873359113,0.288549108279718,0.0796502935322555,0.346393975051674,0.0233804824686534,0.0174096639368784,0.244616474050122,1.15609671135206,1.04524935580589
"TF",0.695191273,1.218669421,0.723235966,37.44098852,2.844163622,8.554819954,15.90270653,5220.88501270708,4523.98382788968,5355.16155049887,-0.0744695296716811,0.589852607393839,0.298905851970236,0.0804370210831424,0.340877485203456,0.02174523607435,0.0154042742720031,0.242630133068705,1.07779271631356,0.85501011021166
"TE2p",-1.082771925,1.255231034,1.373939788,48.94512753,2.774865854,3.8912371,19.65856784,5520.11724076705,4862.68370916193,5905.181640625,-0.0679579893297229,0.610349988937378,0.317374228889292,0.0814933362332257,0.321963948553259,0.0190510952675884,0.012973398020999,0.247143996303732,1.06435996077277,0.962387148900466
"PHT",0.804383916,1.244891291,1.167550349,69.72328382,2.86651655,1.084558809,-6.369646176,5606.30905539773,5011.97509765625,6073.31513671875,0.169791128190065,0.657786656509746,0.335890922763131,0.0859762863679366,0.302639696272937,0.0187749414281412,0.0122885558246212,0.24442960078066,1.06952076066624,1.09537058526819
"PH",-2.457273563,1.307442872,0.441142929,59.26929855,2.663561247,-2.490676318,19.95215087,5503.83357484879,5026.13084362399,6109.60707535282,0.0146890211823013,0.600370975271348,0.347127808678535,0.0830097818566907,0.301010177981469,0.0175401078416936,0.0110072442029993,0.240304877440776,1.11020091079896,1.07713683766703
"TPOJ1",-0.665380633,1.371527394,1.173394353,68.27108647,2.651012903,-1.66320225,2.789759956,5754.16968252145,5173.49376723346,6185.30456303615,0.123269521998237,0.671103017002929,0.343156264693129,0.0893895731252782,0.295369100921294,0.0169791692466128,0.0100561884396216,0.245049706861085,1.23752493718091,1.11719181374008
"TPOJ2",-1.964568106,1.361029927,0.972163981,67.50226559,2.659339993,-0.740282664,-6.619302028,5883.91971842448,5326.29127332899,6393.71893988715,0.111460781419142,0.696099465092023,0.358037476738294,0.0874034714781576,0.289385847747326,0.0165408389746315,0.00961991994538241,0.239012444598807,0.938550766971376,1.06368043853177
"TPOJ3",-2.25447068,1.369446062,0.301475645,60.72090799,2.415416367,-1.865418477,0.12342689,5749.00836447011,5344.125,6404.6154466712,0.00969606050057337,0.656021996684696,0.373382954493813,0.088299968968267,0.280929108028826,0.0157984154217917,0.008464808859255,0.233124747872353,0.955912141696266,0.958559072535971
"DVT",-2.965102392,1.371357153,-0.663336745,56.56674693,2.259522091,-3.119359294,1.154318187,5948.73013528963,5405.0117425686,6719.39723466082,-0.152572747927321,0.603655522916375,0.39175224522265,0.0967801106048793,0.263871557101971,0.0176922676221627,0.00859059513796393,0.221313218518001,1.01060025721062,1.02428064259087
"PGp",-1.800627972,1.287836144,0.018799178,65.7724331,2.594901552,-2.547903241,1.154318187,5367.62813585069,4959.2220703125,6156.49024522569,-0.0477212800313002,0.638759859402974,0.38581428527832,0.0900429896182484,0.272407725784514,0.0172762632783916,0.00937387767351336,0.225084859795041,0.836759274535709,0.942077751954397
"IP2",3.234819382,1.335194293,1.698021348,62.68208676,2.39288393,-3.490640461,-14.40265275,6302.70506157309,5547.65407342426,7298.28839214778,0.19850858031506,0.619942884323961,0.343940547967361,0.113491039660017,0.27373690675881,0.0175148435568405,0.00762106231966261,0.243695604346566,1.10330721079293,1.00442541453798
"IP1",4.382447613,1.33665472,0.08748776,67.18216489,2.397877029,-6.769001467,-12.92958539,6156.4136316636,5588.59787645527,7319.15674785539,-0.00152573850937188,0.639407535394033,0.371471262445637,0.105922402412284,0.266386995712916,0.0172508043766606,0.00792614535848592,0.231042388023115,0.989617395634745,1.00341079281826
"IP0",-1.770149876,1.350786588,-0.307874256,63.62537224,2.394448028,-5.648085802,3.705587214,5687.0195608428,5308.97502367424,6745.47040719697,-0.0176648125784206,0.642656445503235,0.394081928513267,0.0932926474647088,0.26559729828979,0.016253876132947,0.0078347909659373,0.222939452438643,0.933997219259089,0.921580697550918
"PFop",-3.32019853,1.250734426,0.926619231,61.11534159,2.734286534,-0.112008517,-51.29938319,5773.98663214917,5001.51829672759,5914.80466907429,-0.0732467691317045,0.613075204615323,0.298368749753484,0.107703024064595,0.300110142186003,0.0224841433524523,0.0128511188657216,0.258482824518995,1.20850193275596,1.09410767172867
"PF",-0.920500765,1.2410465,1.685622395,64.56356668,2.642897565,-1.579462086,-25.0725325,5862.80281929348,5041.59790039063,6305.84347755322,0.0132521773156311,0.668467928102051,0.32375414993452,0.113466481205778,0.280352463972741,0.0202736596212439,0.0108740432997761,0.251279197957205,1.36703004785206,1.36926147039386
"PFm",5.08119923,1.259546531,1.444855596,67.00386205,2.602183364,-2.729687753,1.154318187,5996.70686428931,5256.6710905998,6889.74619770665,0.203633740519811,0.619850758583315,0.341878852152055,0.110771736887193,0.275200462918128,0.0188875949070338,0.00976480520180156,0.243496549898578,1.1078228162181,1.07203983376103
"PGi",5.483263497,1.291881994,1.191182476,62.42764979,2.58582635,-2.631164795,25.18981531,5890.92858664773,5264.5931640625,6542.05793678977,0.0874733480872707,0.678641347993504,0.353326759826053,0.0965455208312381,0.284802840243686,0.0164481734856963,0.00865782085298137,0.240218889035962,1.03472031083974,1.18388160900636
"PGs",5.609616118,1.265234659,0.472941951,64.64232677,2.600558084,-3.38737553,30.98732056,5766.05095003858,5134.92486496914,6626.63659818673,0.0354868331050966,0.660267193376282,0.361957602662805,0.100656318995688,0.274457163648841,0.0180967249160196,0.00962280372824566,0.235209386289856,0.908412154074068,1.09237825428998
"V6A",-4.49763059,1.408173818,-0.789117043,57.77490635,2.304334384,-8.413615478,1.154318187,5735.9787902832,5261.2492980957,6569.64529418945,-0.0627674981951714,0.604028657078743,0.412481851875782,0.0986848878674209,0.248327330686152,0.0185359037714079,0.00947734230430797,0.212492690421641,0.729824841022491,0.963424868881702
"VMV1",-4.085146678,1.447373239,-1.421649034,55.00892224,2.528288586,-8.878133588,1.154318187,5926.29642159598,5513.84788295201,6164.27317592076,-0.440399404082979,0.565744666116578,0.32700746187142,0.0847505253872701,0.318020092589515,0.0196940963422613,0.0124275041744113,0.238100320100784,0.655502027698926,0.792020663619041
"VMV3",-4.182953588,1.408844262,-1.636387234,48.44093692,2.542325215,-3.391226939,16.38000802,5661.21294202303,5424.96214535362,6178.54926500822,-0.35172472681318,0.5669890673537,0.347601376081768,0.0815900866138308,0.310482517669075,0.017938102742559,0.0109597627367628,0.231428151067935,0.980356207019404,1.07113803687849
"PHA2",1.759019416,1.201132608,-1.852256711,53.64601668,2.349726632,8.500017191,39.38183969,5476.24664306641,4588.0224609375,5312.32033284505,-0.172614293483396,0.570125326514244,0.321855877836545,0.0851417640224099,0.317603508631388,0.0195171418599784,0.0126246334984899,0.243257062509656,0.776243321597576,0.710795978705088
"V4t",-4.179660359,1.407068589,-0.204359822,61.6575863,2.528893863,-9.185468779,-1.81986245,5420.97229003906,5031.814453125,6307.61444091797,-0.0198465560634549,0.591633066534996,0.375175358727574,0.0825918121263385,0.286866471171379,0.0174638815224171,0.0102940631913953,0.227608407847583,1.01824922859669,1.05115906149149
"FST",-3.677573887,1.331422081,0.783696041,62.91054965,2.530596278,-2.995992205,-13.68927506,5584.59054744945,5088.02796128217,6224.00265682445,-0.0155256565397038,0.624218693550895,0.362368333865615,0.0835947574061506,0.29043473303318,0.0170639462988166,0.0103582031203105,0.236180035945247,1.10913448649294,1.17606905628653
"V3CD",-4.078135837,1.400465973,-0.344997882,66.73651522,2.341945138,-5.926465513,3.705587214,5552.37923916903,5263.93343838778,6575.12448952415,0.0539696217403451,0.584536525336179,0.393524524840442,0.0875282338397069,0.274292290210724,0.0173548528585922,0.00931369729170745,0.217986409637061,0.797136355530132,1.0513462017883
"LO3",-4.187124501,1.385907618,-0.03262373,65.70121729,2.482075593,-6.521492085,4.584548859,5367.98856977983,5102.3779296875,6177.61823064631,-0.0707765148560467,0.595879603515972,0.381554118611596,0.0854860984466293,0.279830982739275,0.0170525585047223,0.00950721896846186,0.226569015194069,0.843627704815431,0.988601251081987
"VMV2",-3.952094878,1.36049154,-1.627810714,45.54758294,2.347320051,-4.254045113,33.17329796,5339.39513578869,4991.30315290179,5811.5748000372,-0.343331885180975,0.571892724150703,0.336282315708342,0.0842584875367937,0.312460405485971,0.0186097319459631,0.0115144450128788,0.23687461302394,0.773417407558078,0.966210109846933
"31pd",6.013604996,1.326330109,-0.273525188,61.71894427,2.384403459,-5.566466667,34.72041062,6194.17273995536,5457.46400669643,6880.91943359375,-0.0126823914106353,0.593214872905186,0.342175831965038,0.103379086937223,0.2806817982878,0.0197060400354011,0.00854186651163868,0.245515379309654,1.27850514139448,1.15040029798235
"31a",3.795319251,1.269515066,0.11283428,72.24241001,2.811913824,-0.435847829,1.154318187,6583.6093971946,5637.74991122159,7188.59676846591,0.0938532497024252,0.599326699972153,0.304989950223403,0.1107366098599,0.293355337598107,0.0219892952591181,0.0088619274425913,0.26006687364795,1.22666224024513,1.00605597821149
"VVC",-3.533770178,1.408629054,-0.934876339,55.30107758,2.953213578,1.746462522,30.07846173,5960.56082589286,5487.06834774926,6178.34720284598,-0.223323911428452,0.579692363739014,0.3417668285824,0.0825983078352043,0.308583928715615,0.0181846111746771,0.0115490306967071,0.237317295301528,1.02295219614392,0.964915004514513
"25",5.155428263,1.139285529,-0.24892158,57.5224892,3.018216197,13.54135208,5.599411491,5973.55808327415,4782.07002397017,5857.98379794034,0.157044614220994,0.628943315961144,0.196221961216493,0.0778895860368555,0.325158131393519,0.0212397194382819,0.0125103461640802,0.230616611513225,1.12804154374383,1.04076866128228
"s32",5.769977342,1.162505936,0.215129498,59.09151156,2.770885727,10.6519406,10.56063722,6297.29802389706,5172.66483800551,6426.98325482537,0.112571241986007,0.626281640108894,0.209609853870728,0.0895594178753741,0.387399459586424,0.02541010706302,0.0147326967185911,0.273288462091895,1.11361230471555,0.97029950688867
"pOFC",1.713749749,1.329373369,-1.00480625,65.27942063,2.866434645,11.75920589,3.963104862,5898.73572823661,4762.79701450893,5843.89779575893,0.0727278845733963,0.611579787731171,0.181605906145913,0.0624924159475735,0.279169508389064,0.0185068714831557,0.0122284201639039,0.188854017853737,1.07914774077279,0.812519489015852
"PoI1",-2.91846941,1.21180802,0.448329025,60.44426456,3.088810432,5.857389294,-19.05877742,5653.53798264724,4489.00880314754,5051.95038780799,-0.257133472693601,0.610407101420256,0.294482926336619,0.0859463898321757,0.337150970903727,0.0219662067695306,0.0144062460973286,0.24604726382173,0.929779096291615,0.943305365168131
"Ig",-4.458592158,1.355237631,-0.211609697,56.38135109,2.740413761,-4.126468368,-17.57072187,5864.66078016493,5017.71849229601,5976.66611056858,-0.216172534755656,0.576660023795234,0.303002966774835,0.095327572690116,0.316455169684357,0.0228784747111301,0.0136866607289347,0.248649152202739,1.15966770384047,1.11543199751112
"FOP5",-0.728036691,1.285888593,1.110126531,61.37558807,2.63713041,0.579515412,8.494760581,6049.10126122008,4975.70879737367,6355.42698636968,-0.139717656670713,0.63788470816105,0.217022362541645,0.0974639265778217,0.368255469393223,0.0249385914190653,0.0133970677258169,0.278922587633133,0.922315239906311,1.08732733447501
"p10p",5.336611117,1.231982815,0.871258111,71.9496323,2.402629541,-0.080495659,9.375203453,5984.91897243924,5199.6982014974,6927.27492947049,-0.0362899733474478,0.635704712735282,0.185658368799422,0.0948265633649296,0.382075081268946,0.0320969926607278,0.019509115928991,0.285833878649606,0.904133614566591,1.13921984699037
"p47r",4.414513031,1.224398648,1.996953763,73.79562038,2.470637251,0.664919782,8.494760581,6233.46287777549,5248.59351870888,7102.20142886513,-0.00955865216074568,0.630801145967684,0.199733362778237,0.0977730509874068,0.375756573520209,0.0319596784385411,0.0197669979871104,0.275010334033715,0.996991490062914,1.13958842503397
"TGv",1.739691376,1.109979439,0.941369396,0,3.219452412,9.492470645,1.154318187,4789.06668526786,4232.50491768973,4872.19090634301,0.106468100217171,0.593123289800826,0.26348389614196,0.0806485473045281,0.367094681376503,0.0269649290878858,0.0206881681723254,0.241119778936818,0.896796402477083,0.736139477718444
"MBelt",-3.694734641,1.565297733,0.727956869,76.16210118,2.579992833,-7.478037913,-16.90169086,6194.00546347128,5344.40339949324,6313.23007284628,-0.300518161827518,0.598245786653983,0.321108182539811,0.0894125228798067,0.317009567408948,0.0187233608920832,0.0108707874157542,0.242875582060298,1.03052556192553,1.04129120788059
"LBelt",-3.719646271,1.636360876,0.6675903,75.3906414,2.546377606,-7.021736357,8.597739515,6302.01706480369,5608.57224058494,6854.79797676282,-0.234886134940165,0.58503021643712,0.331262794824747,0.0874581151665785,0.308018559064621,0.0163235812662886,0.00896445979388096,0.247972495280779,0.991970756115058,1.06929262020649
"A4",-3.174424076,1.376964225,1.207577054,72.04823804,3.021421703,-2.110559406,-1.239243146,5610.42736816406,5132.95126139323,5950.19697265625,-0.144656472088207,0.596001424392064,0.327650354802609,0.0888371917108695,0.306412023305893,0.0198419720865786,0.0128562040471782,0.244402255117893,0.941414029399554,0.916227056582769
"STSva",5.499971373,1.214705353,1.386545,60.30758635,2.687176652,6.168448666,25.09704627,5145.56314019097,4604.02488064236,5591.25590277778,0.122340396134782,0.629471611976623,0.285690535439385,0.0802962347865105,0.35164886713028,0.0212026890781191,0.0147934585602747,0.246368222766452,1.18641378084819,1.19684712224536
"TE1m",6.189741344,1.233948303,1.721962112,75.75147168,2.946130345,4.893962328,1.154318187,5410.24149676067,4737.46068740473,6058.55779582698,0.199158238383328,0.616081108407276,0.306083098417375,0.0792550642679377,0.329873004337636,0.0209270205984755,0.0151161655056767,0.248745643874494,1.31111961167033,1.19890291516374
"PI",-2.418285143,1.143459586,0.137755764,56.81292978,2.555742351,9.929250959,1.154318187,5104.95855189732,4046.54711914063,4508.07855747768,-0.321309797647523,0.615843529360635,0.28022654397147,0.0834360384515354,0.352877467870712,0.021083132869431,0.0136959850522024,0.248680823189872,0.799278025967734,0.817924928665161
"a32pr",0.653818695,1.186347634,1.220728079,52.14133396,2.927971938,7.240792347,-0.694379382,6167.79474954044,4959.76311178768,6449.34864717371,0.116217911546119,0.632263514925452,0.201473907951046,0.0995505143176107,0.358137643512558,0.0236577673760407,0.0107362752451616,0.306443895487224,1.1079855280764,1.03493712404195
"p24",0.449938149,1.060037589,1.035542241,58.75703905,3.182908375,15.79045151,-0.664599996,6378.72924804688,4971.49306640625,5987.15590820313,0.00945561520001363,0.629817169904709,0.201976129412651,0.097588748857379,0.365279266238213,0.0235725360922515,0.0110015453770757,0.300581775605679,1.10980744361877,1.03275875747204
