"","CBF","cbv","cmr02","cmruglu","G1.fMRI","intersubjvar","meg_alpha","meg_beta","meg_delta","meg_gamma1","meg_gamma2","meg_theta"
"lh_V1",6657.50921513031,7445.04907697876,6121.7909816904,7083.59782026725,-2.90961319241946,0.553088371127729,0.387499141532022,0.0815902312922662,0.287871732790037,0.0165927525983699,0.00920731056316191,0.217238829978184
"lh_MST",5650.44416610054,4351.37270720109,5283.86767578125,6379.3127122962,-4.07934039572011,0.640286782513494,0.370309986498045,0.0848590751057086,0.285532250352528,0.0164391108505104,0.00943246034338422,0.233427122235298
"lh_V6",6074.25087298769,5026.798865116,5595.35606060606,6720.49641927083,-4.45302725560737,0.605775098005931,0.41952526027506,0.0919023167454835,0.253738820101276,0.0164204457436096,0.00787812258314454,0.210535023248557
"lh_V2",6371.10760216346,7663.64026442308,5839.99915614984,6843.11858974359,-3.76044575486046,0.559176523868854,0.388080193599065,0.0833106820782026,0.285258119763472,0.017343266432484,0.00976090651387588,0.216246831417084
"lh_V3",6026.4693003509,6591.359730866,5522.40835623014,6687.56363794359,-3.72799564688072,0.567872531333212,0.39333011487783,0.0848331214007685,0.281967382436081,0.0179447478504252,0.0100631143589962,0.211861517469762
"lh_V4",5747.34276336985,5397.55761215367,5326.70840045103,6537.14373087146,-3.96224827373151,0.570598892329894,0.381189179174679,0.0848697912447231,0.288720638788853,0.0183977740288702,0.0104745987457098,0.216348018074773
"lh_V8",6035.16007915296,8182.52156147204,5551.38833778783,6568.71921258224,-4.23125221854762,0.576431584985633,0.372661160795312,0.082173212970558,0.295269079898533,0.0182122689132628,0.010788700543344,0.220895590750795
"lh_4",6129.06120968248,5066.57065468907,5340.12449995294,6681.03450324736,-5.02747461690481,0.566241325384163,0.281504143253866,0.123814848412472,0.291530451621396,0.0237352374611969,0.00920223057584231,0.27021308680136
"lh_3b",6278.98848783053,3877.0015131353,5538.37429708963,6809.91745900584,-5.04973046596234,0.560846316290426,0.307002324979384,0.125195178356799,0.277863844246655,0.0226242308208084,0.00903461574689372,0.258279805982506
"lh_FEF",6246.66790545428,4163.47334798177,5446.07819733796,6962.50152813947,-2.63956090325007,0.62706529211115,0.246468830991674,0.117970997122703,0.312634280986256,0.0236090840081926,0.00955086499797525,0.289765943531637
"lh_PEF",6226.52522786458,3888.43464152018,5340.90877278646,7066.21736653646,-1.57501285833617,0.627628249426683,0.231461523721615,0.112133438078066,0.330186390628417,0.0240518768162777,0.0115521748084575,0.290614597499371
"lh_55b",6067.84718048878,3910.14788035857,5244.3535531851,6857.30929487179,0.656341301993682,0.629522591065138,0.238463108356182,0.113966349034737,0.321369619705738,0.0243145658228642,0.0114043397017014,0.290482021295107
"lh_V3A",5768.03195672286,5765.01283665707,5319.1976511102,6502.96502364309,-4.44320850623281,0.574843001993079,0.426673522121028,0.0883517328061556,0.253807094144194,0.016923762710863,0.00881547006582351,0.205428419536666
"lh_RSC",6215.85596421186,6721.25169462316,5050.02277688419,6623.0454604205,2.19096943122499,0.578784557826379,0.290659898782478,0.100344113567296,0.306594908675727,0.0249543307787355,0.0141491659999113,0.248591702650575
"lh_POS2",6647.58854166667,6316.52515625,5808.44708333333,7749.21565104167,2.90267407645782,0.609030318260193,0.399698641697566,0.0985646189252535,0.256404789288839,0.0176222215592861,0.00811597134297093,0.219593749841054
"lh_V7",5936.44371202257,4269.58805338542,5409.09627278646,6948.66300455729,-4.39933416578505,0.591637432575226,0.414301839139726,0.093771115773254,0.254304745958911,0.0171435508463118,0.00855610421341326,0.211922634806898
"lh_IPS1",5984.1719771984,4045.76425099927,5376.9704987282,7080.77807049419,-3.60332272773565,0.608815981898197,0.392161893290143,0.101508692773276,0.258014469992283,0.0175876066435215,0.00819925453817082,0.222528081993724
"lh_FFC",5751.07954738451,7052.30135444973,5294.03431768003,6200.04363748302,-2.95777158244796,0.60678407938584,0.342960874023645,0.0823265124598275,0.307111132404079,0.0186107385822612,0.0120087495154661,0.236981987953186
"lh_V3B",5696.94257387908,4025.19891092052,5372.11442764946,6792.63387398098,-4.24876358198083,0.595318763152413,0.402166172214176,0.0895532959181329,0.267355841139089,0.01601065326806,0.00773243525105974,0.217181600954222
"lh_LO1",5333.61877441406,3499.40760498047,5163.72548828125,6341.84047851563,-4.156993663311,0.589900967478752,0.381475266814232,0.0862496379762888,0.282703870534897,0.018437672033906,0.0104706491343677,0.220662909001112
"lh_LO2",5241.03443545387,4777.02047293527,4913.36765252976,6090.39360119048,-4.01325566428048,0.587361259119851,0.37249691713424,0.0836562184350831,0.289442691065016,0.0195495828631378,0.0120652997866273,0.222789288276718
"lh_PIT",5649.11075846354,8262.88368055555,5196.64569769965,6251.00254991319,-3.90830788347456,0.577624258067873,0.372774837745561,0.0830383851296372,0.290929928421974,0.0199206006816692,0.0123642270660235,0.220972021420797
"lh_MT",5643.23759191176,3962.30250459559,5344.2328527114,6450.39815027574,-4.08953276802512,0.610920432735892,0.375695270650527,0.0850358776309911,0.283233367344912,0.0163316771607189,0.0091379550011719,0.230565845966339
"lh_A1",6740.49051920573,5603.02610270182,5813.26208496094,7125.90506998698,-3.7376515964667,0.59311804920435,0.324556281169256,0.0890238837649425,0.310745891183615,0.0170509649518256,0.00928859102229277,0.249334392448266
"lh_PSL",5826.40496020047,4268.35407300265,5165.10402233196,6235.3870780513,1.25027738381529,0.650226956268526,0.33668907520906,0.0991685394689722,0.286431960902124,0.0182110666174371,0.010336235727904,0.249163123234263
"lh_SFL",6031.62555930398,5469.90849165483,4920.30467862216,6711.53658558239,4.69605685797605,0.637350790067153,0.20226801796393,0.106940288028934,0.334543565728448,0.0268930253657428,0.0121100244027647,0.317245079170574
"lh_PCV",6357.1947265625,4846.95451931424,5618.28212890625,6879.65202907986,-0.824579428633054,0.616189870569441,0.353373678525289,0.108687758776877,0.265178149938583,0.0197394487344556,0.00747493492025468,0.245546029673682
"lh_STV",5764.52938771802,4577.02178529251,5192.88026889535,6198.48599881904,-0.5091345014787,0.646396914193797,0.343046652023182,0.0934630327446516,0.288479728754177,0.0181726089483777,0.011085789758972,0.245752184890037
"lh_7Pm",6570.00504078585,8116.56407973346,5817.16350241268,7390.7506462546,3.15197159437572,0.587307330440072,0.383322762215839,0.10505952576504,0.25468824190252,0.0191087189733106,0.00839308513711919,0.229427675113958
"lh_7m",6833.46491887019,5073.84049479167,6019.66095753205,7700.56865985577,6.02481189140907,0.587476588212527,0.379619046663627,0.0995988207749831,0.263959142642143,0.0182801571985086,0.00807659668274797,0.230466241255785
"lh_POS1",6175.94300227379,5835.11032241138,5529.85582585121,6839.17533669543,3.65323236584663,0.573807270669225,0.351192262635302,0.0906353283729126,0.296642523648134,0.0197453457973341,0.0111174597752406,0.230667085345112
"lh_23d",6730.49723307292,5513.78922526042,5473.03972981771,7061.97068684896,4.63554626305898,0.616023999452591,0.271900320053101,0.115945968528589,0.307887182633082,0.0261272807295124,0.0121863421673576,0.265952907005946
"lh_v23ab",6585.63124150815,6465.81029211957,5842.14799167799,7399.66501783288,5.90649295889813,0.587693968544836,0.344329066898512,0.0959209343013556,0.290224014416985,0.0203099956169077,0.0105355601028904,0.238680424249691
"lh_d23ab",6713.18859049479,6073.10305989583,5639.98181966146,7596.12574869792,5.84166246255239,0.587993460893631,0.301498652497927,0.107688673585653,0.2992778023084,0.0232526727641622,0.01105547985062,0.257226720949014
"lh_31pv",6323.74009261593,4868.08285030242,5328.81651650706,7092.47542842742,6.36871796269571,0.593135708762753,0.320676993939184,0.102540088036368,0.294386133070915,0.0209694937352211,0.00998166666155861,0.251445615964551
"lh_5m",6270.63223544034,7392.27607125947,5410.8887162642,6679.4814453125,-5.19949559009436,0.578696615768201,0.325930687514218,0.115920782766559,0.271441875985174,0.0223141601026961,0.00798994373304374,0.25640254129063
"lh_5mv",5677.45770363729,4191.15220767162,4895.15524942367,6027.87291880123,-3.90499991276225,0.63253299036964,0.311293216513806,0.115741146881072,0.282607268603122,0.0218291664038037,0.00795659857237192,0.260572601781517
"lh_23c",5920.78070464692,4375.99843686587,4962.19372082995,6097.39508928571,-2.23809375463949,0.639297555019329,0.291428345170888,0.110549629605436,0.301000799064512,0.0240522285608889,0.0112538100462165,0.261715185719651
"lh_5L",5641.96039287861,5514.38814603365,4968.93088003305,6178.21499399038,-4.97947331575247,0.586213571520952,0.339947135975728,0.11834658180865,0.258947460697247,0.0228369634670134,0.00890505297754246,0.251016804518608
"lh_24dd",6110.04601702009,4542.26623535156,5241.06496930804,6367.11073521205,-5.17450430733817,0.568760733093534,0.262081871713911,0.116879058629274,0.306896428125245,0.0245916361255305,0.00957522655704192,0.279975779141699
"lh_24dv",5952.45283647017,4664.20786354759,4958.58846768466,5916.29750754616,-4.62024745616046,0.580491525205699,0.2463780421425,0.11032640510662,0.320485992187803,0.0245040766894817,0.0103541870432144,0.287951292639429
"lh_7AL",5582.39605978261,4112.66398819633,4923.45032269022,6141.80352694746,-3.89333902234617,0.584337056546971,0.350961658833683,0.118025321999322,0.255796612172887,0.0212668280616619,0.00861988415050766,0.245329693823621
"lh_SCEF",6460.86216905382,5253.40329996745,5403.92011854384,6986.65473090278,-2.30032676261746,0.601137064397335,0.227266314749916,0.110969754453335,0.322128570742077,0.0243116224236372,0.00905793021795236,0.306265807814068
"lh_6ma",6010.08879394531,4728.59746500651,4984.68228352865,6670.22325032552,-1.18117228746414,0.604027299086253,0.217374568680922,0.111872186635931,0.322675775488218,0.026124144004037,0.0110249461295704,0.310928378005823
"lh_7Am",6073.55573167067,7015.52068810096,5390.06071213942,6607.88488581731,-1.66571258604527,0.599768141599802,0.369071893967115,0.109483323074304,0.254579941126016,0.0200551945429582,0.00832465584748066,0.238484996327987
"lh_7PL",6134.93791647518,8103.74889418658,5324.65405273438,6903.40050551471,-0.901438667712843,0.587659522014506,0.392478778081782,0.106966233209652,0.246927110587849,0.0194811921785859,0.00907904315082466,0.225067639613853
"lh_7PC",5641.51648615057,2939.98171608665,5194.39436257102,6375.83353160511,-4.51523594856262,0.595853494514119,0.345477414131165,0.123049021850933,0.257640888474204,0.0207227456298741,0.00838245106860995,0.244727480140599
"lh_LIPv",5945.15049235026,3790.50577799479,5438.4435933431,6934.09514363607,-3.86974199612935,0.614600153019031,0.359576392297943,0.115441172228505,0.257083470622698,0.0190798817978551,0.00790030359833812,0.240918780677021
"lh_VIP",5548.36720002003,4391.99258814103,4995.40592447917,6450.10921223958,-3.73895488029871,0.591636193104279,0.372096848793519,0.114100369123312,0.249513221856875,0.019973541633823,0.00877693691887917,0.235539079476626
"lh_MIP",6064.54486553486,4247.40957876352,5387.15616548978,7105.09163724459,-1.05578529147001,0.617895550452746,0.378629216207908,0.10914930429023,0.256114220676514,0.0181417391420557,0.00799215835734056,0.229973362615475
"lh_1",5596.32403518562,3380.12852260045,4982.01203080945,6264.23246960174,-5.24401657204879,0.565063077256196,0.311367458866951,0.126796516540803,0.273851700071105,0.0241423536204082,0.0107177020491738,0.253124266974908
"lh_2",5801.84944152832,3839.46784210205,5172.42204589844,6342.61985778809,-5.13705822825432,0.582614996284246,0.329083635471761,0.126650743046775,0.265816500410438,0.0218980483710766,0.00876684574177489,0.247784223780036
"lh_3a",6288.52170632102,4771.79408513849,5454.9879128196,6787.33442382813,-4.95673795179887,0.559179502725601,0.295708078687841,0.118870415403084,0.292078383131461,0.022708892009475,0.00971006167713891,0.260924169827591
"lh_6d",5792.89655172414,3385.20281351024,5106.3469995959,6525.11399683459,-5.23419328393607,0.574404462658126,0.263636753990732,0.129437565161236,0.286838582363622,0.0258324586882673,0.00968674698780323,0.284567893579088
"lh_6mp",5877.32952400808,5316.80464909586,4976.5614301703,6382.35325776861,-5.07998093058554,0.565938780816753,0.252832114529074,0.120665691374393,0.299567628442571,0.025931328325794,0.00992851102661886,0.29107472501444
"lh_6v",5542.7749528556,3197.81440261315,4927.48865167026,6279.02806775323,-4.19605862683263,0.580864186944633,0.241559958149647,0.11283049706755,0.328908795940465,0.0252538681801023,0.0135240098461509,0.277922879005301
"lh_p24pr",6317.97998046875,5354.221953125,5232.03986328125,6009.26109375,-1.98934215068817,0.616797368526459,0.252428382635117,0.108426217138767,0.320771725177765,0.0264921909570694,0.0131659615784883,0.278715530633926
"lh_33pr",6189.82290926847,5143.62238103693,4811.01134144176,5673.7284712358,0.315155205401507,0.61735750599341,0.246118313886903,0.106378590518778,0.327896888960492,0.0247118485752832,0.0116683958013627,0.283225953578949
"lh_a24pr",6332.72568359375,5139.80751953125,4999.88908203125,5907.97869140625,-2.70969777584076,0.607930197715759,0.226661705970764,0.103081214427948,0.340089117288589,0.0244578212499619,0.0115904364362359,0.294119699001312
"lh_p32pr",6175.8077002992,4769.56319606051,5074.54609582779,6322.0299098238,-2.36939080218051,0.6082620899728,0.221967891492742,0.104830167077957,0.33752396258902,0.0239902468437844,0.0104966043752242,0.301191130217085
"lh_a24",6405.65467834473,4627.2599029541,5066.96691894531,6229.85572814941,5.19513715803623,0.616293348371983,0.177988391835243,0.0857625065837055,0.344836264848709,0.02331480931025,0.0122437760874163,0.262104247696698
"lh_d32",6163.91345214844,4520.72573852539,4960.28051757812,6524.1594543457,5.63495307415724,0.628795357421041,0.186711173970252,0.0976552392821759,0.368296577595174,0.025221572665032,0.0121320468606427,0.309983390383422
"lh_8BM",6433.99932617187,5053.13985351562,5154.50990234375,6987.1484375,4.98568217754364,0.629644659757614,0.192365910708904,0.102872071415186,0.348660371899605,0.0256407333165407,0.0115625500306487,0.318898366689682
"lh_p32",6207.20485276442,4078.1994535006,5027.80453725962,6384.88919771635,4.21762090462905,0.605633309254279,0.189129365178255,0.0939113695461016,0.384198289651137,0.0276645637618808,0.0151926284441008,0.289903784027466
"lh_10r",6382.13844517299,4126.79981340681,5345.35182407924,6757.39622279576,5.78527733257839,0.615823030471802,0.189552097448281,0.0918136098022972,0.390184119343758,0.0290590449502426,0.0170057499116021,0.282385383333479
"lh_47m",6279.62175641741,4599.79750279018,5195.84186662946,6842.77371651786,4.36295698370252,0.652282182659422,0.206905905689512,0.0910461683358465,0.384544215032033,0.0290057361125946,0.0183886712683099,0.270109304359981
"lh_8Av",6074.31806320441,3692.63466956967,5087.96301069416,6982.02945696721,6.38443408442325,0.626627477466083,0.199435934180119,0.108466915175563,0.346817583822813,0.0255025898213269,0.0118264011489075,0.30795056751517
"lh_8Ad",6157.1293285473,3889.25395903716,5120.87171399915,7010.56030273438,5.7798990623371,0.634657442569733,0.191628374763437,0.101983600673643,0.356007019812996,0.0251073685248156,0.0118744341354515,0.313399201309359
"lh_9m",5997.48751395089,4281.75443638393,4973.04539620536,6457.3723702567,6.28984285763332,0.623977388654436,0.177532929394926,0.0958324774035386,0.373275300434658,0.0287989186655198,0.0157940091698297,0.308766363774027
"lh_8BL",5646.52100929054,4066.68823902027,4617.51691828547,6290.60160209037,6.56988277950802,0.628424306173582,0.182555521259437,0.0988679014750429,0.357456728413298,0.0274003675660572,0.0140787933676227,0.319640679939373
"lh_9p",5713.72002377717,3662.61435334579,4785.19110903533,6359.8473271909,6.2818619168323,0.633763016565986,0.179377822772316,0.0961063557668873,0.3688451965218,0.0271449032361093,0.0143906770516997,0.314135040925897
"lh_10d",5867.11028053977,3882.39493963068,4985.3393022017,6542.50154474432,6.22762211019343,0.61197873137214,0.177942022681236,0.0949106328866699,0.379897706617009,0.0340567539022727,0.0212294342165644,0.291963451558893
"lh_8C",6381.12042720734,4096.97495039683,5353.2279343378,7390.15444413442,5.42514336109161,0.674197851665436,0.208390532504945,0.108126978552531,0.349667247325655,0.0245259353329265,0.0114416967456539,0.297847609198283
"lh_44",6352.56454190341,4415.61204944957,5425.68513627486,7084.23980158026,4.09437773850831,0.656324534253641,0.227641446007924,0.105936385521835,0.349058176306161,0.0267059368250722,0.0150718277912926,0.275586225092411
"lh_45",6203.15666975055,4279.9087256716,5202.25659608004,6918.62253289474,4.61897113089237,0.635340492976339,0.219115282098452,0.0986776214681174,0.364650899380968,0.0277962209493445,0.0163768172721591,0.273383162523571
"lh_47l",6133.37134415064,4824.40891050681,5184.61846454327,6729.82703575721,5.60622907907535,0.632583199403225,0.213929843444091,0.0933319844114475,0.377132107814153,0.0280348393970575,0.0174172600396933,0.27015396570548
"lh_a47r",5745.83895979256,3074.08145036369,4932.78535829741,6549.84140961746,5.85712725129621,0.611772773594692,0.198911588767479,0.0936890656835046,0.384797965658122,0.0327849433082959,0.0213185419360625,0.268497895577858
"lh_6r",6352.11464436849,4252.92745632596,5370.37481689453,6827.27311876085,-1.46952364076343,0.60996309419473,0.243235428507129,0.107184777553711,0.33925537019968,0.0248727218454911,0.0138167483318183,0.271634959926208
"lh_IFJa",6374.96153428819,4552.27370876736,5426.06633843316,7235.25014919705,1.56943805764119,0.662877172231674,0.219102466271983,0.10703430386881,0.350113338066472,0.0245160956142677,0.0121709754587048,0.287062828739484
"lh_IFJp",6398.12025035511,4262.23681640625,5532.19161339962,7213.47222715436,1.55210016396913,0.646582679315047,0.226333056886991,0.108225371349942,0.341814194664811,0.0232552696358074,0.0107982988102418,0.289573808511098
"lh_IFSp",6427.18560791016,4180.48954772949,5443.52380371094,7317.36320495605,3.42682328261435,0.661466961726546,0.212585687171668,0.10638045030646,0.356928874738514,0.0266233023139648,0.0141408582567237,0.283340839669108
"lh_IFSa",6256.33421688988,3729.51848493304,5316.02118210565,7164.96301850818,1.82338052349431,0.645506836119152,0.206990131310054,0.101139492754425,0.366777620854832,0.0289843268249006,0.0168606227130762,0.279247815410296
"lh_p9-46v",6255.78244676777,3665.43700214461,5319.53627642463,7216.94282322304,3.15878874355671,0.675621932628108,0.200580122716287,0.105740818030694,0.362274050128226,0.0274529464762,0.014564095576312,0.289387971747155
"lh_46",6152.52607996324,3560.13319666245,5280.83980784697,6919.77102481618,-0.388012195636025,0.657471586676205,0.191840639885734,0.101259394822752,0.366733970010982,0.0277391144293634,0.0148128408199067,0.297614037552301
"lh_a9-46v",6259.43116295856,3483.89460024626,5338.56151282269,7258.22102156929,3.67653626041568,0.639820389125658,0.193631469879461,0.0978758817781573,0.375573380485825,0.0313260644755286,0.0186320658489738,0.282961137916731
"lh_9-46d",6309.28547595796,3720.35049583798,5327.85976446243,7035.43703497024,0.995679787825793,0.672277691818419,0.188723311537788,0.0972379102770771,0.37262844791015,0.0277100863334324,0.0150852843209924,0.298614961405595
"lh_9a",5739.2182525059,3453.19000589623,4901.69833431604,6429.880481648,6.0663901275059,0.63517020895796,0.179653271189276,0.0946034579625669,0.376832656140597,0.0298350382736831,0.0171579083884662,0.301917668221132
"lh_10v",6135.80133611506,3006.12922252308,5323.26521439986,6638.72022594105,6.2892458113757,0.624186838215048,0.194786726751111,0.0891939281401309,0.395179082046856,0.0308072949251668,0.0196122823029079,0.270420694893057
"lh_a10p",6044.64612630208,2970.08478190104,5271.45162760417,6919.82010091146,5.77121024131775,0.6124021311601,0.188608719408512,0.0936677095790704,0.387700708707174,0.0338858523716529,0.0216966645171245,0.274440348148346
"lh_10pp",5589.05991617839,2539.7880452474,4854.52229817708,6259.24802652995,6.2877189318339,0.618360603849093,0.187189710016052,0.0897365063428879,0.395892494668563,0.0340943698926518,0.0226121263888975,0.270474784076214
"lh_11l",5781.12163880814,3000.58126192315,4907.77838844477,6439.16835483285,2.29607879069396,0.641734117685362,0.201316305371218,0.0875215026181798,0.394174756005753,0.0293550564539294,0.0187557499509218,0.268876632285673
"lh_13l",5920.44243164062,3464.99183105469,4949.54690429688,6406.81190429687,3.23043944194913,0.623529359102249,0.220965850949287,0.0852772080898285,0.387569487690926,0.0257728707417846,0.0164637930132449,0.263950787186623
"lh_OFC",5913.12333449272,2789.86484642551,4905.38707325557,6306.69632250642,5.46672352699384,0.620929234648404,0.220216669856685,0.083296985965069,0.393687703838087,0.0265215980526927,0.0173772573981383,0.258899780985427
"lh_47s",6163.99754638672,5400.10494384766,4962.25362548828,6255.62257080078,5.66622638702393,0.603427995741367,0.229527219757438,0.0865911090746522,0.377891615778208,0.0249333136249334,0.0156998327001929,0.265356910973787
"lh_LIPd",6329.63357062089,4027.908203125,5581.72381270559,7393.43992855674,0.956194783511915,0.648682148833024,0.356311831819384,0.112210180806486,0.265397855325749,0.0181049526129898,0.00762715357306756,0.240348020274388
"lh_6a",6026.53470828555,3931.66920513188,5230.0730002867,6834.75310439364,-2.72259589595669,0.596087106870949,0.236187925169227,0.116908187713098,0.313146096303922,0.0242730135764551,0.00915562323029709,0.30032915451111
"lh_i6-8",6271.36487165179,4109.95149972098,5232.55309709821,7139.46648995536,3.80504315921239,0.619280900274004,0.209808094160897,0.110174399188587,0.336491230555943,0.024322583047407,0.0100450411971126,0.309158647060394
"lh_s6-8",6031.88813219572,3825.76218133224,4955.58460115132,6866.84418688322,5.53241797497398,0.624447123000496,0.195879116654396,0.104554933152701,0.344625989073201,0.0255829328180928,0.0116988718019504,0.317658143608194
"lh_43",6251.60041437922,4701.7989666913,5214.74253061655,6345.27917810388,-3.73823258683488,0.59091391273447,0.279653983744415,0.0983560538372478,0.330066226624154,0.0237156960207063,0.0150859100693786,0.25312213317768
"lh_OP4",5832.86293764468,4952.51117169415,5079.24552408854,5992.30202003762,-4.32460321761944,0.585132477460084,0.304534329308404,0.0991657354213573,0.313080523852949,0.0215685485551755,0.0129595510834069,0.248691310485204
"lh_OP1",6140.02134195964,5203.32176717122,5361.03087361654,6265.25836181641,-5.01433531443278,0.585652171323697,0.321927806983391,0.0965295011798541,0.303976338977615,0.0177612055558711,0.00921434718960275,0.250590799376369
"lh_OP2-3",5950.18755677689,5139.22189543968,5033.34519213299,5985.63945539608,-4.38003398096839,0.576029367225115,0.305919957022334,0.0964455275341522,0.3142923664215,0.0196402778545784,0.0107144077070231,0.252987465193105
"lh_52",5967.91999421296,4978.79224537037,4919.88107638889,5874.8431712963,-3.41541153413278,0.603770487838321,0.317155718803406,0.0878312132424778,0.320408269211098,0.0190544659616771,0.0112580572841344,0.244292285707262
"lh_RI",6011.33972167969,4792.66920689174,5197.36247035435,6221.27760532924,-4.09432197894369,0.581511549651623,0.323023478899683,0.0964340760505625,0.302887643554381,0.0174306196692799,0.00877365988812276,0.251450520008802
"lh_PFcm",6275.29442223837,4799.90192360102,5342.74935274346,6372.29648891715,-3.66736789914065,0.615727625613989,0.325878634702328,0.10000169311845,0.295718133449554,0.0176996872868649,0.00910302589452544,0.251598828407221
"lh_PoI2",5926.56625677615,5672.81437340561,4726.91235849809,5149.69179488202,-3.23910658213557,0.607447475803142,0.277389921704117,0.0898698515125683,0.340508794906188,0.024651936958639,0.0164575290923216,0.25112196863914
"lh_TA2",5401.34181810462,5962.6921705163,4663.49076511549,5103.93941066576,-3.19875151178111,0.604714276997939,0.285079817409101,0.0870394421660382,0.344699722269307,0.0221105660919262,0.0143758634753201,0.246694587495016
"lh_FOP4",6225.25155362216,4500.71995960582,5161.37190015388,6368.58998431581,-1.46237226778811,0.628721621903506,0.236518335613337,0.0989325393104192,0.353375154011177,0.0245694191561955,0.0139875785927429,0.272616971622814
"lh_MI",6350.32289817116,4767.29383988814,5169.71987082741,6270.95233709162,-1.22984329247001,0.606368624351241,0.248838564550335,0.0971577145497907,0.347383404319937,0.026090968654237,0.0165012492798269,0.264028101482175
"lh_Pir",2873.99989720395,3528.0408228824,2257.45320209704,2341.45496247944,-1.08103452387609,0.327691686780829,0.0867941081523895,0.0287605220157849,0.12521975448257,0.00863431452920562,0.00592923992754597,0.0867673205701928
"lh_AVI",6192.01140802557,4932.86088423295,5021.04219193892,6486.31820401278,1.79843076144938,0.611034759066322,0.223179717632857,0.0971777733754028,0.364436896009879,0.0256637114692818,0.014752243984152,0.274789654395797
"lh_AAIC",4697.41828070746,3986.02604166667,3737.49666341146,4320.74171278212,1.04550288783179,0.464171475834317,0.184419512334797,0.0719508054769701,0.27935772223605,0.0232202486755947,0.015760473234372,0.203069012198183
"lh_FOP1",6424.36953735352,5307.8694152832,5347.44485473633,6318.03356933594,-3.23060566186905,0.601304940879345,0.276128018274903,0.0944385682232678,0.336988475173712,0.0232863463461399,0.014664048620034,0.254494536668062
"lh_FOP3",5911.22429435484,4297.26605815272,4935.93409778226,5888.68279044859,-3.00904427805255,0.612603695161881,0.260758489851029,0.0973742976784706,0.339881123073639,0.0243398113957336,0.0144255659392764,0.263220718791408
"lh_FOP2",5779.19079059103,4710.06050441576,5000.49838654891,5661.2931810462,-4.46743882220724,0.59350365659465,0.282959576534188,0.0954187969150751,0.330178748006406,0.0215833085872557,0.0125454304253925,0.25731414426928
"lh_PFt",5721.80979614258,4245.26986083984,5070.28029785156,6171.82238769531,-3.16137388050556,0.613550383597612,0.313854112103581,0.118726869300008,0.28390161767602,0.0207032172707841,0.0102506246767007,0.252563558705151
"lh_AIP",5936.27547121511,4118.60363413987,5410.08601809011,6731.41946677791,-1.97600986994803,0.630843424681321,0.344153855032134,0.118922520971414,0.269455952841101,0.0185748068887053,0.00766256910034464,0.241230293819048
"lh_EC",4686.44404296875,4475.04319893973,3693.76335797991,4232.83080357143,2.95784501348223,0.542971089908055,0.239180805853435,0.0651857190898487,0.274454597064427,0.0179435802357537,0.0124287583466087,0.190806535312108
"lh_PreS",3932.7058151533,3643.18216575767,3083.01949900501,3451.07778412441,1.00038835462534,0.393394750244213,0.223564290213135,0.0601572647409619,0.22235132894426,0.0155543356712134,0.0104235599063477,0.166062429828464
"lh_H",0,0,0,0,0,0,0,0,0,0,0,0
"lh_ProS",5637.97447916667,5535.64309895833,5240.54861111111,5941.96394314236,-3.73651395638784,0.55550594859653,0.337465837928984,0.0857630787624253,0.31216520998213,0.0187114636103312,0.0109249051246378,0.23496950533655
"lh_PeEc",4887.19119064529,4431.46724076705,3886.44409496753,4514.89104035613,-0.0383448723897144,0.5783747891327,0.243685089148484,0.0685124262780338,0.297103768819338,0.0193091927507481,0.013784110171164,0.201761258306441
"lh_STGa",4898.27120535714,5620.68870907738,4268.00747535342,4808.27646019345,1.43072545812244,0.603849604016259,0.249314836802937,0.0830292236946878,0.370652197372346,0.0249390448665335,0.0175097461878544,0.254554950055622
"lh_PBelt",6079.28886510971,5326.43859084109,5510.69203997673,6414.31894115691,-3.4776913764629,0.586958526296819,0.335830788663093,0.0881801214306912,0.303817529627617,0.0171693573368991,0.0100972509368303,0.24490494835884
"lh_A5",5469.08701578776,4840.369140625,5029.50729370117,5808.19801839193,-1.72642696710924,0.606747535367807,0.314079182843367,0.0860546743497252,0.320560212557514,0.0206317529470349,0.0138289910391904,0.244845199709137
"lh_PHA1",5747.6947582348,4738.72926784206,4772.19109612542,5241.79820787585,1.07269202011663,0.568233266070082,0.319753814387966,0.0856660930691539,0.319079715657879,0.0208634467845833,0.0137773074864133,0.240859625307289
"lh_PHA3",5326.40376613451,3940.22372303838,4751.47433338995,5407.41132387908,-0.880212684607376,0.565745561019234,0.319580334684123,0.0836983831680339,0.320399894662525,0.0207976330800549,0.0140107836088409,0.241512970431991
"lh_STSda",5246.525390625,4466.46465386285,4732.76255967882,5554.66517469618,1.7780920078771,0.622030049562454,0.288518720202976,0.0832767474154631,0.344949617981911,0.0218326138435966,0.0149832432054811,0.246439054608345
"lh_STSdp",5558.07694367439,4434.59796339466,5130.24318768901,6073.82540795111,2.80671744096664,0.640042255963049,0.332067094983593,0.0844645347566374,0.309540589970927,0.0170110105987518,0.0104882780522589,0.246428490165741
"lh_STSvp",5552.95107886905,4463.48983134921,5046.94522724454,6113.28293185764,5.97563533177452,0.639071178814722,0.327740608699738,0.0819269512144346,0.313885489626536,0.0166344459183396,0.0104832771485524,0.249329227303702
"lh_TGd",4700.66455518018,4916.77656074043,3944.62398384713,4514.4872101105,4.60214799192004,0.602590037358774,0.181982219756187,0.05964064926983,0.277531615517161,0.0201199255246031,0.0150504065677524,0.184413923739313
"lh_TE1a",5126.46966145833,3979.98819444444,4503.34321831597,5577.69287109375,6.43859220080905,0.622847297456529,0.276900659004847,0.0811397193206681,0.354862458176083,0.0242529159204827,0.0180644277483225,0.244779828190804
"lh_TE1p",5475.14154296875,5192.83614908854,4838.70736979167,6071.82858723958,5.39637842496236,0.632938519318899,0.318814367850622,0.0841889108220736,0.314761232535044,0.0199533578753471,0.0138037469858925,0.248478378852208
"lh_TE2a",5306.04319309544,4059.78539709143,4571.56922376478,5739.95645718961,4.78992504042548,0.602847873359113,0.288549108279718,0.0796502935322555,0.346393975051674,0.0233804824686534,0.0174096639368784,0.244616474050122
"lh_TF",5220.88501270708,3657.75981562971,4523.98382788968,5355.16155049887,1.32847516611218,0.589852607393839,0.298905851970236,0.0804370210831424,0.340877485203456,0.02174523607435,0.0154042742720031,0.242630133068705
"lh_TE2p",5520.11724076705,5233.60737304688,4862.68370916193,5905.181640625,-0.798021546683528,0.610349988937378,0.317374228889292,0.0814933362332257,0.321963948553259,0.0190510952675884,0.012973398020999,0.247143996303732
"lh_PHT",5606.30905539773,4686.11558504972,5011.97509765625,6073.31513671875,0.322731410102411,0.657786656509746,0.335890922763131,0.0859762863679366,0.302639696272937,0.0187749414281412,0.0122885558246212,0.24442960078066
"lh_PH",5503.83357484879,6254.97643649194,5026.13084362399,6109.60707535282,-1.90442223378247,0.600370975271348,0.347127808678535,0.0830097818566907,0.301010177981469,0.0175401078416936,0.0110072442029993,0.240304877440776
"lh_TPOJ1",5754.16968252145,4767.16747089461,5173.49376723346,6185.30456303615,-0.687210100611635,0.671103017002929,0.343156264693129,0.0893895731252782,0.295369100921294,0.0169791692466128,0.0100561884396216,0.245049706861085
"lh_TPOJ2",5883.91971842448,4556.0523952908,5326.29127332899,6393.71893988715,-1.99941587779257,0.696099465092023,0.358037476738294,0.0874034714781576,0.289385847747326,0.0165408389746315,0.00961991994538241,0.239012444598807
"lh_TPOJ3",5749.00836447011,4254.37599779212,5344.125,6404.6154466712,-1.8947422284147,0.656021996684696,0.373382954493813,0.088299968968267,0.280929108028826,0.0157984154217917,0.008464808859255,0.233124747872353
"lh_DVT",5948.73013528963,4645.6474252096,5405.0117425686,6719.39723466082,-2.81445379664258,0.603655522916375,0.39175224522265,0.0967801106048793,0.263871557101971,0.0176922676221627,0.00859059513796393,0.221313218518001
"lh_PGp",5367.62813585069,3314.26555989583,4959.2220703125,6156.49024522569,-1.49981688434879,0.638759859402974,0.38581428527832,0.0900429896182484,0.272407725784514,0.0172762632783916,0.00937387767351336,0.225084859795041
"lh_IP2",6302.70506157309,4042.82690843485,5547.65407342426,7298.28839214778,3.5564638376236,0.619942884323961,0.343940547967361,0.113491039660017,0.27373690675881,0.0175148435568405,0.00762106231966261,0.243695604346566
"lh_IP1",6156.4136316636,3834.76863128064,5588.59787645527,7319.15674785539,4.33599445165372,0.639407535394033,0.371471262445637,0.105922402412284,0.266386995712916,0.0172508043766606,0.00792614535848592,0.231042388023115
"lh_IP0",5687.0195608428,3818.1278926965,5308.97502367424,6745.47040719697,-1.68742128958305,0.642656445503235,0.394081928513267,0.0932926474647088,0.26559729828979,0.016253876132947,0.0078347909659373,0.222939452438643
"lh_PFop",5773.98663214917,4339.48000350088,5001.51829672759,5914.80466907429,-3.1779258026267,0.613075204615323,0.298368749753484,0.107703024064595,0.300110142186003,0.0224841433524523,0.0128511188657216,0.258482824518995
"lh_PF",5862.80281929348,4163.04214256397,5041.59790039062,6305.84347755322,0.0287928266072835,0.668467928102051,0.32375414993452,0.113466481205778,0.280352463972741,0.0202736596212439,0.0108740432997761,0.251279197957205
"lh_PFm",5996.70686428931,4094.85991840978,5256.6710905998,6889.74619770665,5.76374284682735,0.619850758583315,0.341878852152055,0.110771736887193,0.275200462918128,0.0188875949070338,0.00976480520180156,0.243496549898578
"lh_PGi",5890.92858664773,4479.53149857955,5264.5931640625,6542.05793678977,5.826341575926,0.678641347993504,0.353326759826053,0.0965455208312381,0.284802840243686,0.0164481734856963,0.00865782085298137,0.240218889035962
"lh_PGs",5766.05095003858,3903.47697542921,5134.92486496914,6626.63659818673,5.62015681207916,0.660267193376282,0.361957602662805,0.100656318995688,0.274457163648841,0.0180967249160196,0.00962280372824566,0.235209386289856
"lh_V6A",5735.9787902832,4369.83256530762,5261.2492980957,6569.64529418945,-4.48456987738609,0.604028657078743,0.412481851875782,0.0986848878674209,0.248327330686152,0.0185359037714079,0.00947734230430797,0.212492690421641
"lh_VMV1",5926.29642159598,4760.01473563058,5513.84788295201,6164.27317592076,-3.9839716553688,0.565744666116578,0.32700746187142,0.0847505253872701,0.318020092589515,0.0196940963422613,0.0124275041744113,0.238100320100784
"lh_VMV3",5661.21294202303,4723.4673879523,5424.96214535362,6178.54926500822,-4.17672688082645,0.5669890673537,0.347601376081768,0.0815900866138308,0.310482517669075,0.017938102742559,0.0109597627367628,0.231428151067935
"lh_PHA2",5476.24664306641,4101.48006184896,4588.0224609375,5312.32033284505,2.63634501645962,0.570125326514244,0.321855877836545,0.0851417640224099,0.317603508631388,0.0195171418599784,0.0126246334984899,0.243257062509656
"lh_V4t",5420.97229003906,4381.21189880371,5031.814453125,6307.61444091797,-4.18871194124222,0.591633066534996,0.375175358727574,0.0825918121263385,0.286866471171379,0.0174638815224171,0.0102940631913953,0.227608407847583
"lh_FST",5584.59054744945,4862.88758042279,5088.02796128217,6224.00265682445,-3.53436098379247,0.624218693550895,0.362368333865615,0.0835947574061506,0.29043473303318,0.0170639462988166,0.0103582031203105,0.236180035945247
"lh_V3CD",5552.37923916903,3684.67567027699,5263.93343838778,6575.12448952415,-4.05350863933563,0.584536525336179,0.393524524840442,0.0875282338397069,0.274292290210724,0.0173548528585922,0.00931369729170745,0.217986409637061
"lh_LO3",5367.98856977983,3293.46912730824,5102.3779296875,6177.61823064631,-4.13936826315793,0.595879603515972,0.381554118611596,0.0854860984466293,0.279830982739275,0.0170525585047223,0.00950721896846186,0.226569015194069
"lh_VMV2",5339.39513578869,4528.83614676339,4991.30315290179,5811.5748000372,-3.95829707100278,0.571892724150703,0.336282315708342,0.0842584875367937,0.312460405485971,0.0186097319459631,0.0115144450128788,0.23687461302394
"lh_31pd",6194.17273995536,4464.19796316964,5457.46400669643,6880.91943359375,6.17086559023176,0.593214872905186,0.342175831965038,0.103379086937223,0.2806817982878,0.0197060400354011,0.00854186651163868,0.245515379309654
"lh_31a",6583.6093971946,4393.83213112571,5637.74991122159,7188.59676846591,3.98001289367676,0.599326699972153,0.304989950223403,0.1107366098599,0.293355337598107,0.0219892952591181,0.0088619274425913,0.26006687364795
"lh_VVC",5960.56082589286,4945.4780796596,5487.06834774926,6178.34720284598,-3.52537586859294,0.579692363739014,0.3417668285824,0.0825983078352043,0.308583928715615,0.0181846111746771,0.0115490306967071,0.237317295301528
"lh_25",5973.55808327415,5066.71761807528,4782.07002397017,5857.98379794034,5.47751575166529,0.628943315961144,0.196221961216493,0.0778895860368555,0.325158131393519,0.0212397194382819,0.0125103461640802,0.230616611513225
"lh_s32",6297.29802389706,4301.74169921875,5172.66483800551,6426.98325482537,5.69937021592084,0.626281640108894,0.209609853870728,0.0895594178753741,0.387399459586424,0.02541010706302,0.0147326967185911,0.273288462091895
"lh_pOFC",5898.73572823661,4830.54528459821,4762.79701450893,5843.89779575893,1.92673791540521,0.611579787731171,0.181605906145913,0.0624924159475735,0.279169508389064,0.0185068714831557,0.0122284201639039,0.188854017853737
"lh_PoI1",5653.53798264724,5699.32550518329,4489.00880314754,5051.95038780799,-2.80623632210952,0.610407101420256,0.294482926336619,0.0859463898321757,0.337150970903727,0.0219662067695306,0.0144062460973286,0.24604726382173
"lh_Ig",5864.66078016493,5280.60012478299,5017.71849229601,5976.66611056858,-4.42776095867157,0.576660023795234,0.303002966774835,0.095327572690116,0.316455169684357,0.0228784747111301,0.0136866607289347,0.248649152202739
"lh_FOP5",6049.10126122008,4574.95712475066,4975.70879737367,6355.42698636968,-0.770889266374263,0.63788470816105,0.217022362541645,0.0974639265778217,0.368255469393223,0.0249385914190653,0.0133970677258169,0.278922587633133
"lh_p10p",5984.91897243924,3159.98918999566,5199.6982014974,6927.27492947049,5.33898660209444,0.635704712735282,0.185658368799422,0.0948265633649296,0.382075081268946,0.0320969926607278,0.019509115928991,0.285833878649606
"lh_p47r",6233.46287777549,3780.92044228002,5248.59351870888,7102.20142886513,4.63561547429938,0.630801145967684,0.199733362778237,0.0977730509874068,0.375756573520209,0.0319596784385411,0.0197669979871104,0.275010334033715
"lh_TGv",4789.06668526786,4149.97461518787,4232.50491768973,4872.19090634301,3.06310694806633,0.593123289800826,0.26348389614196,0.0806485473045281,0.367094681376503,0.0269649290878858,0.0206881681723254,0.241119778936818
"lh_MBelt",6194.00546347128,5230.88245618665,5344.40339949324,6313.23007284628,-3.62444410452972,0.598245786653983,0.321108182539811,0.0894125228798067,0.317009567408948,0.0187233608920832,0.0108707874157542,0.242875582060298
"lh_LBelt",6302.01706480369,5349.84351211939,5608.57224058494,6854.79797676282,-3.69649798442156,0.58503021643712,0.331262794824747,0.0874581151665785,0.308018559064621,0.0163235812662886,0.00896445979388096,0.247972495280779
"lh_A4",5610.42736816406,4972.71645507813,5132.95126139323,5950.19697265625,-3.06253859202067,0.596001424392064,0.327650354802609,0.0888371917108695,0.306412023305893,0.0198419720865786,0.0128562040471782,0.244402255117893
"lh_STSva",5145.56314019097,4267.26819661458,4604.02488064236,5591.25590277778,5.46256350941128,0.629471611976623,0.285690535439385,0.0802962347865105,0.35164886713028,0.0212026890781191,0.0147934585602747,0.246368222766452
"lh_TE1m",5410.24149676067,4462.73027224657,4737.46068740473,6058.55779582698,6.37920516874732,0.616081108407276,0.306083098417375,0.0792550642679377,0.329873004337636,0.0209270205984755,0.0151161655056767,0.248745643874494
"lh_PI",5104.95855189732,6313.88722098214,4046.54711914062,4508.07855747768,-2.29781337428306,0.615843529360635,0.28022654397147,0.0834360384515354,0.352877467870712,0.021083132869431,0.0136959850522024,0.248680823189872
"lh_a32pr",6167.79474954044,4680.45385742188,4959.76311178768,6449.34864717371,0.831367583616691,0.632263514925452,0.201473907951046,0.0995505143176107,0.358137643512558,0.0236577673760407,0.0107362752451616,0.306443895487224
"lh_p24",6378.72924804688,4982.45485839844,4971.49306640625,5987.15590820313,0.468724270910025,0.629817169904709,0.201976129412651,0.097588748857379,0.365279266238213,0.0235725360922515,0.0110015453770757,0.300581775605679
"rh_V1",6640.51773533677,8411.83446988193,6102.98297304096,6950.00896107067,-3.03513649664819,0.54962749937267,0.390434372154149,0.0806483472556327,0.288047502551115,0.0161942353888387,0.0089896782601224,0.215685859886986
"rh_MST",5650.50055486506,4985.87824041193,5179.92709073153,6238.32341974432,-4.13011977889321,0.632786485281858,0.380392216823318,0.0845834629779512,0.288209385492585,0.0158551152880219,0.00876820138232274,0.222191627052697
"rh_V6",6205.02672991071,4732.67435128348,5530.0466796875,6809.58635602679,-4.47761652810233,0.600288554600307,0.427062083142144,0.0901203040565763,0.250877498303141,0.0162646128396903,0.0077990504779986,0.207876451100622
"rh_V2",6307.41709607713,7556.51854429854,5798.58498950715,6738.12217679937,-3.59998136453648,0.560261014294117,0.392329753396359,0.0826079342910584,0.284671937848659,0.016964503043787,0.00953910195397491,0.213886765802794
"rh_V3",6054.92061885711,6663.67555482926,5562.86408848916,6759.94995117188,-3.79257437322409,0.569062229606413,0.408294441238526,0.0844979038041446,0.273787159592875,0.016984238236722,0.00930897235089252,0.207127278730754
"rh_V4",5758.11243838356,6052.37955438523,5327.28449358259,6638.76812453497,-4.02569965805326,0.572608503557387,0.393329558982736,0.0855620440450453,0.28412792263996,0.0174555605986998,0.00968158663073111,0.209843328133935
"rh_V8",6178.48355379972,6869.38532049006,5644.74047851562,6713.75275213068,-4.26716011220759,0.571071500127966,0.379527769305489,0.0835411118512804,0.296682038090446,0.0173207251355052,0.00975211675871502,0.213176240975207
"rh_4",6289.71530378357,5527.55975594008,5365.80624313985,6745.07257634943,-5.06556962442792,0.564906997375252,0.282364763011617,0.122967967317124,0.290829683384619,0.0242949828490122,0.00913522201436302,0.270407376580002
"rh_3b",6503.26208948206,3855.21102340133,5640.24417980806,6958.09949182581,-5.03488266909564,0.561923459356214,0.306083790130085,0.123326563126879,0.279134937826498,0.0228706543552287,0.00872543993417496,0.259858613304886
"rh_FEF",6412.84369365986,4294.81368314303,5457.30141977163,7111.23467548077,-2.38871916870658,0.646332216950563,0.248607966475762,0.118388114497066,0.311393804848194,0.0250740568869962,0.0102633788572768,0.286272689700127
"rh_PEF",6611.92940636837,3981.62778172348,5744.97017045455,7281.28801195549,-1.40515679301638,0.659077772588441,0.238502761179751,0.113729931865678,0.328627346139966,0.02464310570874,0.0109846192045194,0.283512244621913
"rh_55b",6413.22234881366,3908.67814127604,5457.9228515625,7104.28504774306,0.0229838887850444,0.632850223117404,0.239539651959031,0.115529074437088,0.323042120094653,0.0257983028336808,0.0116472318768501,0.284443616867065
"rh_V3A",6020.44066840278,7381.54616970486,5407.60188802083,6658.09892578125,-4.44792819552951,0.572046744823456,0.443729364209705,0.088148125840558,0.244020492831866,0.0170199627056718,0.00891730100330379,0.198164749145508
"rh_RSC",6280.79782831101,6251.35610429067,5224.34116133433,6618.70132688492,2.32613018545366,0.592761398307861,0.296827441643155,0.102077048449289,0.309114320883675,0.0253013647974484,0.0142357806335129,0.252444054399218
"rh_POS2",6792.0029654154,5868.55630716463,5872.94842082698,7851.0180604516,2.49723783044553,0.609710804572919,0.40023569181198,0.0971865497711228,0.257559205700712,0.0175078893761809,0.00808212580727186,0.219428539276123
"rh_V7",5833.04975328947,4969.36168791118,5391.11736739309,6746.97283614309,-4.41643845407586,0.588813590376001,0.429128915071487,0.092580120814474,0.246771336386078,0.0169839773719248,0.00843766375787948,0.206097985568799
"rh_IPS1",6020.6779497932,4100.26171875,5466.04658777574,7006.27580710018,-3.47712758008172,0.614451592459398,0.398299217224121,0.102681586847586,0.253277892137275,0.0175976832671201,0.00791629507918568,0.220227321719422
"rh_FFC",5879.63920224946,6485.30158102101,5408.05075599407,6229.7532495959,-2.97795450481875,0.60127037660829,0.355766171011431,0.0825877461967797,0.305219690861373,0.0182550811562045,0.0115128871503061,0.226658424683686
"rh_V3B",5690.83357421875,4637.77056640625,5408.56619140625,6707.2388671875,-4.21324900627136,0.603428769111633,0.414609951972961,0.0899558365345001,0.262366554737091,0.0156844729557633,0.00747057603672147,0.20991260766983
"rh_LO1",5520.17558019301,4431.0478515625,5149.3687097886,6447.90300436581,-4.1583954446456,0.59441617306541,0.389824478065266,0.0867032930254936,0.281278764500338,0.0172624093863894,0.00943488720804453,0.215496172799784
"rh_LO2",5158.67952473958,5391.63220214844,4846.53682454427,5968.5634765625,-4.05562434593836,0.590712293982506,0.37962052722772,0.0851440224796534,0.289549012978872,0.0187010884595414,0.0111443307250738,0.215841021388769
"rh_PIT",5659.92975408381,10996.3177157315,5227.52869762074,6136.33347389915,-4.00851957364516,0.585822709582069,0.378943133083257,0.0849823985587467,0.292124921625311,0.019083448855037,0.0114652870476923,0.21340081163428
"rh_MT",5595.81904296875,4314.07160644531,5195.29523925781,6270.31286621094,-4.08583929538727,0.612415263056755,0.387924280762672,0.0846258889883757,0.285057267546654,0.015714831603691,0.00856850950513035,0.218109223246574
"rh_A1",6825.71899414062,5356.34201388889,5761.57945421007,7199.86382378472,-3.78463933202955,0.612405230601629,0.328649837109778,0.0919063149227036,0.311781886551115,0.01697820580254,0.00876139388937089,0.24192235701614
"rh_PSL",5969.16883680556,4210.86317726418,5151.92514829282,6177.34681532118,-1.82105462104772,0.680692246666661,0.329462784859869,0.105543733608943,0.290491143862406,0.0199469742537649,0.011271039593137,0.2432843239771
"rh_SFL",6154.90622360642,6209.74984163851,5048.44849292652,6690.52597128378,2.22565083391964,0.624623688491615,0.206772750293886,0.106753694044577,0.333730623528764,0.027464570880339,0.0124785151785693,0.312799842776479
"rh_PCV",6526.96192327535,4934.19248876032,5690.93187094634,7001.06204857016,-0.774865958207059,0.648078738518481,0.354572950106747,0.107642831948568,0.266711607856571,0.0197443218093436,0.00760456447858574,0.243723718625195
"rh_STV",5935.51290838068,4711.34782492898,5179.65317826705,6271.02025923295,-1.56864402988418,0.665535526925867,0.345721600814299,0.0989023732868108,0.289786494320089,0.0179222303019329,0.00991226361895149,0.237755039605227
"rh_7Pm",6620.24949735754,8780.1794720818,5546.14017980239,7260.24365234375,2.15798200502553,0.62257595447933,0.382914897273569,0.104477867264958,0.254429365782177,0.019507033202578,0.00860380156732657,0.230067038360764
"rh_7m",6790.72526041667,4922.4155069987,5944.78745524089,7613.43287150065,5.83401140570641,0.602740916113059,0.374974294255177,0.100464469442765,0.26616978024443,0.0187451548796768,0.00830772367771715,0.231338580759863
"rh_POS1",6214.91402882543,6076.69906721444,5514.73763301455,6865.31919282058,3.05160924477567,0.576082743447402,0.355309471487999,0.0904176934012051,0.295350036230581,0.0194474251234326,0.0109002060289013,0.228575171838547
"rh_23d",6655.37943761489,5067.45984604779,5426.82796702665,6779.17948644301,3.77388289844727,0.624505842433256,0.27456194775946,0.113937453092898,0.308210258974749,0.0257714928182609,0.0120507843299385,0.26546806622954
"rh_v23ab",6531.81528501157,6428.07664207176,5775.6826171875,7165.80222800926,5.78815949404681,0.585029191441006,0.336188285439103,0.097790413984546,0.293056607246399,0.0209662872884009,0.0107778963391428,0.241220517290963
"rh_d23ab",6800.28601792279,5253.83628216912,5810.60963350184,7386.92400045956,5.85390825832591,0.60661155686659,0.301679267602808,0.108735789709231,0.299556835609324,0.0227500023868154,0.0102869417956647,0.256991169031929
"rh_31pv",6380.81769476996,4613.75661892361,5580.71687825521,7008.81849500868,5.98419955041673,0.616128651632203,0.319607370429569,0.104411950748828,0.295958619150851,0.0208604758501881,0.00941087274501721,0.249750710195965
"rh_5m",6299.85013521635,8212.21293757512,5382.64889761118,6732.53413273738,-5.24936123994681,0.570496332186919,0.31858881104451,0.117509248308264,0.273319358435961,0.022960171282578,0.00836921151942359,0.259253197564529
"rh_5mv",6015.25851779514,4453.34195059317,5206.64406105324,6278.25436439043,-4.05178752651921,0.603381119392536,0.316953636981823,0.114926297631529,0.279377823626554,0.0216880922700152,0.00777188086031396,0.259282271803161
"rh_23c",6070.06707317073,4404.57666015625,5141.86274533155,6225.44131693026,-2.0454849144671,0.63244263864145,0.298089357774432,0.109491817289736,0.299717992180731,0.0226723420683567,0.00988825881376681,0.260140234013883
"rh_5L",5717.7937105619,5877.98342660757,4913.00487342248,6293.59927133413,-5.06098393293527,0.569199912823164,0.334451038103837,0.118652627875025,0.260850022618587,0.0238261447431376,0.00944392744881602,0.252776238494194
"rh_24dd",6186.35360666049,4415.10935844809,5336.58074020127,6465.2409792108,-5.19558797448368,0.57031377998449,0.26524794707864,0.116230475700508,0.305986427654654,0.0244153819788816,0.00921384429053988,0.278905922073429
"rh_24dv",5857.36979830995,4559.68114237883,4944.62962372449,6068.89828802615,-4.80095473114325,0.575096923477796,0.251108228247993,0.110653670922834,0.318586558103561,0.0244479824465757,0.0100388304159349,0.28516472480735
"rh_7AL",5706.82898163377,3679.59306469298,4984.63079941064,6291.22289610746,-4.17393266108998,0.576396349229311,0.345151508063601,0.1197226016145,0.257172342455178,0.0217237047393594,0.0087071409971829,0.247522695806988
"rh_SCEF",6499.6474609375,5193.459362102,5423.81442548644,6852.25655033903,-2.93302215916931,0.595393571088899,0.229458706840029,0.111552701524968,0.319744767445438,0.0248990934693588,0.00920667427258109,0.305138050385241
"rh_6ma",6140.54107344778,4440.4551198859,5125.41721705386,6725.21525493421,-1.80055834568645,0.621690575229494,0.222900592771016,0.111946599950132,0.321647503658345,0.0265740365231116,0.0112143724200953,0.305716889861383
"rh_7Am",6065.18318810096,7075.63111478365,5284.75692608173,6541.63649338942,-2.2526355945147,0.608685949215522,0.364629986652961,0.110483386080999,0.257330567103166,0.0206715180896796,0.00874912452239257,0.238135420129849
"rh_7PL",6085.07706124442,6630.42398507254,5405.14041573661,6943.35292271205,-1.32333298985447,0.603737162692206,0.38239583160196,0.106642266469342,0.254249500909022,0.0194519782172782,0.00892891678293901,0.228331503059183
"rh_7PC",5865.34669518849,3553.60368226066,5225.43397352431,6617.51332310268,-4.62673417727153,0.590281128883362,0.343493042957215,0.122240599540491,0.257576244691062,0.0208055247804002,0.00798111047507042,0.247903480652779
"rh_LIPv",6157.74069883765,3962.56431616806,5444.66093035442,6943.22221560595,-3.8733427815321,0.60686006778624,0.361483741097334,0.115412303950728,0.256844870927857,0.0190122238383061,0.00742521933166356,0.239821640820038
"rh_VIP",5754.16297104779,4452.77197265625,5092.72453756893,6629.21155503217,-3.95342684493345,0.586949995335411,0.366080851239317,0.11516151380013,0.252825379371643,0.0200812514213955,0.00844400054227342,0.237407009391224
"rh_MIP",6092.69423628827,4052.21729013871,5490.77324816645,7089.86771564094,-0.846389588937924,0.618137416790943,0.375443114918105,0.109759978797971,0.256766683593088,0.0184722952924821,0.00771648840674636,0.231841439191176
"rh_1",5803.23092242864,3020.86509308102,5137.21816944513,6438.17919537402,-5.2456412690831,0.564468403500835,0.312519758705079,0.126634544216272,0.272404189888887,0.0242350678597614,0.0101337176234293,0.254072722252898
"rh_2",5973.61596679688,3757.48068874485,5338.82191685268,6459.92668805804,-5.14618308465559,0.580457631703261,0.328199589481721,0.12479131058841,0.267011850089817,0.0217995325226214,0.0080742503971803,0.250123466682303
"rh_3a",6435.80113133844,4878.21866938753,5497.13355874116,6852.68148861291,-4.99880635963296,0.560715887344108,0.29792292078711,0.119484101545136,0.288509608158525,0.0231406147468765,0.00921056091890864,0.261732196892208
"rh_6d",6027.96207068101,3863.56434257075,5272.33158903302,6698.72566885318,-5.20247432420839,0.574281181929246,0.271949439678552,0.129790787145777,0.282952359262502,0.0261047175681254,0.00950131036411479,0.279701390356388
"rh_6mp",6171.59526367187,4728.28328179253,5295.9327094184,6651.93069118924,-5.03610747125414,0.562449771828122,0.25113190776772,0.11832018494606,0.302958859999975,0.0258446873062187,0.00979749926676353,0.291946862141291
"rh_6v",5810.77981770833,3549.71743706597,5094.9083984375,6436.21368272569,-4.11518336402045,0.587838884194692,0.252829118900829,0.114994181527032,0.32378081480662,0.0258195839408371,0.0135110296308994,0.269065264198515
"rh_p24pr",6151.99822823661,4805.51495535714,4950.39441964286,5991.06623883929,-3.24751864924495,0.605864817755563,0.253553370067051,0.108536461847169,0.320566936050143,0.0260102856372084,0.0125147791579366,0.278818168810436
"rh_33pr",5909.32200113932,4777.79386393229,4701.80102539062,5651.44814046224,-0.143049492190282,0.613907746970654,0.242438866446416,0.105419327194492,0.331152712305387,0.0246902880414079,0.0116267575261494,0.284672055393457
"rh_a24pr",6379.62383237092,4953.70000424592,5099.43849779212,6167.91087805707,-2.40171327279962,0.606203677861587,0.226460561156273,0.101902320657087,0.343708617531735,0.0245160478288713,0.0115832744328224,0.291829171388046
"rh_p32pr",6191.94370221077,4612.00393741689,5092.4448657746,6437.91475856051,-2.2969458331453,0.602642917886693,0.225467902865816,0.105308943289392,0.336276262364489,0.0243945356379164,0.0106278933743213,0.297924458346468
"rh_a24",6370.32260923032,5093.81213831019,5002.353515625,5999.19713903356,4.56970985730489,0.609482601836876,0.184544015813757,0.0889309843381246,0.349270391243475,0.0237024585130038,0.0122366086752326,0.267241462513253
"rh_d32",6214.23946866122,4584.80702903054,4966.90701571378,6490.90170010653,4.3473307761279,0.615095134485852,0.190209331160242,0.0993256768719716,0.364892034368082,0.0252182681367479,0.0118750402365219,0.308479648422111
"rh_8BM",6506.36135213883,5054.77824026639,5230.46960649334,6966.98933785861,3.86469972280205,0.621973828214114,0.196701334392438,0.103942427967415,0.345558032637737,0.0258610435746244,0.0114040709726635,0.316533086241269
"rh_p32",6068.55446079799,4359.77547781808,4791.86753627232,6195.62644740513,3.96871657030923,0.591637626290321,0.191544179937669,0.0944824806813683,0.383445278874465,0.0272358651272953,0.0147117737547628,0.288580414439951
"rh_10r",6412.06703920718,4262.60906756366,5188.22365089699,6749.46430121528,5.38105271480702,0.610458603611699,0.1893762714333,0.0927734344645783,0.390354538405383,0.0290900787545575,0.0168095843659507,0.28159608664336
"rh_47m",6298.85017903646,4368.08896213108,5294.39583333333,6914.07921006944,4.64502125316196,0.621843043300841,0.207934578259786,0.0924139291875892,0.389859428008397,0.0292670319063796,0.0182710313755605,0.262254003021452
"rh_8Av",6281.74431888641,3777.67136346726,5239.81219773065,7162.67432415675,5.80280221076239,0.629259908010089,0.205017404660346,0.110958935249419,0.344458334975772,0.026893755923661,0.0125779955840063,0.300093572291117
"rh_8Ad",6280.02703753972,4072.03583901615,5334.7760113215,7077.50343452066,5.70714399370097,0.627210419056779,0.197118055264829,0.103795507070372,0.353136707160432,0.025923650364502,0.0120037071469982,0.308022376339314
"rh_9m",5973.90677234738,4250.39252418695,5026.72538721839,6456.5799759266,6.22202564949213,0.605436368044033,0.179542420388654,0.0973930549482967,0.372134602000547,0.0290556319794336,0.0157533141806029,0.306120976459148
"rh_8BL",5881.06264963458,4584.94402879284,4839.40182396673,6555.92765561996,6.48730083434813,0.638142137758194,0.183561504367859,0.0993775690515195,0.358952164649963,0.0281096217372725,0.0144820575331969,0.315517090982006
"rh_9p",5969.16938920455,3689.5092385032,5100.8535600142,6737.17957652699,5.94973513213071,0.636650333350355,0.181900216435844,0.0977704939855771,0.370332484218207,0.0289820401336659,0.0156264281831682,0.305388339541175
"rh_10d",5804.46617126465,3521.0915145874,5051.0524597168,6470.70486450195,6.25486046075821,0.591808296740055,0.176711801905185,0.0956839735154063,0.381183090619743,0.0354806057875976,0.0223979012807831,0.288542620837688
"rh_8C",6535.13562950721,4133.71636117788,5541.53831129808,7452.11760066106,5.07511696448693,0.692097048576062,0.212950362379734,0.110324288675418,0.347398693744953,0.0260776068442143,0.01226490631413,0.290984142743624
"rh_44",6480.16041742369,4419.42295943859,5423.48183139535,7151.93552416424,3.19072023623211,0.65941909717959,0.22784479828768,0.107483234169871,0.352584634409394,0.0280940095179303,0.0161175219948555,0.267875799606013
"rh_45",6329.2626714939,4392.12270745998,5329.40864376905,6985.84403582317,3.30296194008211,0.649050123807861,0.221698779158476,0.102409989368625,0.365213109225762,0.0294627390529324,0.0177735329219481,0.263441845411208
"rh_47l",6184.57051964962,4791.90954959754,5205.23480409564,6838.7295365767,5.82831184791796,0.62205644087358,0.214188897700021,0.0949874199701078,0.383326084324808,0.0299295198849656,0.0187298991914951,0.258838180339698
"rh_a47r",5915.6929243608,3215.60079012784,5004.67688210227,6866.4349609375,5.54157049872658,0.616338617151434,0.190491799603809,0.0977411657571793,0.387567183646289,0.0353253874250434,0.0224088847298514,0.266465575044805
"rh_6r",6585.5522584553,4602.27084775514,5574.91242459454,7111.28693013252,-0.935214854069526,0.64310761116728,0.24390036773078,0.109809117226661,0.340244462972955,0.0257119169293702,0.0137088620516507,0.266625270813326
"rh_IFJa",6567.48434132543,4620.0531132139,5557.78441540948,7354.66540948276,0.393649391187676,0.698161123127773,0.220153995115181,0.109081444812232,0.350671957279074,0.0262864189029768,0.0131730933127732,0.280633097064906
"rh_IFJp",6504.31048318614,4637.82608695652,5525.17796790082,7299.3543860394,1.28447626271973,0.711526458678038,0.226185766899067,0.110105266065701,0.342913846606794,0.0253346968118263,0.011968734998094,0.283491690521655
"rh_IFSp",6445.48084852431,4072.36736111111,5491.29376085069,7359.09504123264,2.42862527105543,0.661350904570685,0.213967614703708,0.107460322976112,0.358351418044832,0.0291243044452535,0.0160043461041318,0.275091996457842
"rh_IFSa",6242.94884144176,3832.74819113991,5291.75812322443,7072.16227583452,-0.0693787402812053,0.647287080233747,0.205114714801311,0.103537289764393,0.370395560833541,0.0326413225213235,0.0195019260387529,0.268809185786681
"rh_p9-46v",6271.12855747768,3575.55084325397,5379.6841750372,7321.31910342262,3.41691661685232,0.663306621332017,0.205188554194238,0.107586884664165,0.358632747143034,0.0303132029338962,0.0160663293615457,0.282212279618733
"rh_46",6398.87025669643,3675.01701691863,5430.22682249391,7234.08427607549,0.519290699103436,0.654956788211674,0.195731930724986,0.104001921008934,0.362648625652511,0.0294750746484701,0.0153174197373839,0.292825023849289
"rh_a9-46v",6477.65148207721,3540.6196863511,5577.11835075827,7458.72529871324,3.06041417183245,0.640268236398697,0.188487908419441,0.102546472321538,0.375928244170021,0.0346656560021288,0.0201689360991997,0.278202787041664
"rh_9-46d",6454.92961536754,3571.07580843839,5490.0610739968,7249.65942937678,1.20909924419935,0.663633469153534,0.189007642255588,0.100032274187966,0.371567321433262,0.0302294704385779,0.0165079441979866,0.292655350132422
"rh_9a",5908.94519340701,3402.99676067073,5035.59901391006,6641.41129954268,6.07959361192657,0.61392430706722,0.178653490252611,0.0970984948117559,0.378308613852757,0.0332691681276007,0.019943563313019,0.292726675911648
"rh_10v",6034.59032067587,3257.24419456304,5076.6693541061,6448.01079896439,6.17521206168241,0.610358249309451,0.191485215758168,0.0908718192300131,0.39467989636022,0.0316644700807194,0.0199958554923881,0.271302743013515
"rh_a10p",6069.51589439655,2938.31671773976,5206.42229593211,6812.14185412177,4.266288453135,0.603850171483796,0.182936380135602,0.0956812914589356,0.390481163715494,0.036779777885511,0.0243398888229296,0.269781483658429
"rh_10pp",5413.96287810497,2285.76565317007,4792.26651392228,6160.18428235176,6.04887332671728,0.603969491445101,0.186453279776451,0.0892962738871574,0.400021069324934,0.0344405829524383,0.0231182401856551,0.266670557932976
"rh_11l",5879.66966089709,2673.33497461779,5066.6283674569,6493.01634900323,3.30045975847491,0.613505165124762,0.199313535772521,0.0885588976329771,0.400482803069312,0.0303095262818809,0.0194597812369466,0.261875460373944
"rh_13l",6221.68454159007,3213.92034912109,5252.02082375919,6632.36269244026,1.15425691545448,0.611198192133623,0.223840849802775,0.0856703655684695,0.391032672980252,0.0264257464338751,0.0168412242303876,0.256189132876256
"rh_OFC",6025.8983492564,2118.56345303087,5096.93872364458,6586.76400131777,5.10021970932742,0.604405576924244,0.217509831649711,0.0827569216489792,0.399747897702527,0.0268822131252073,0.0175819692976144,0.255521167114557
"rh_47s",6159.80313387784,5223.41906738281,5121.35872025923,6370.02111816406,4.95114719258113,0.599348885091868,0.232865815474228,0.0876872637732462,0.382431440732696,0.025940753265538,0.0163476834158328,0.254727041856809
"rh_LIPd",6177.16635131836,3953.49496459961,5573.65922546387,7060.11721801758,0.351447229739279,0.631909377872944,0.35850472189486,0.112847746582702,0.265177879482508,0.0180311457952484,0.00713791570160538,0.238300592172891
"rh_6a",6225.92033400229,4137.56545880519,5394.30427985235,7039.99947140195,-2.30071564510875,0.609727727710654,0.242510557721514,0.118130697159592,0.310079368976278,0.024688511129913,0.00921396438647574,0.295376903967026
"rh_i6-8",6264.90159606934,4058.06303405762,5245.70286560059,7162.52268981934,4.13569186627865,0.622805327177048,0.214109832886606,0.110961640719324,0.334837134927511,0.0252745919278823,0.0106871034950018,0.304129689000547
"rh_s6-8",6234.84210205078,4118.04148101807,5214.88046264648,7008.51419067383,4.27335345745087,0.634916160255671,0.202992635779083,0.106653060764074,0.338130736723542,0.0265642239828594,0.0120499129407108,0.313609432429075
"rh_43",6339.38398012908,4896.93392811651,5315.28311820652,6404.31036642323,-3.78192978319914,0.600951615882956,0.278172959776028,0.101442873801874,0.332925962365192,0.0247900696957241,0.0151704689487815,0.247497665493385
"rh_OP4",5953.70099306778,4940.2461246974,5225.4013671875,6072.54623542033,-4.46863516283707,0.591319074093456,0.305168284496791,0.101384810788531,0.315507712078766,0.0211924572383434,0.0121712915494408,0.244575448229279
"rh_OP1",6325.30974469866,5047.86333356585,5210.04610770089,6236.8579624721,-5.08283000332969,0.574119906340327,0.324382756437574,0.100682872214488,0.306555081691061,0.0175865701665836,0.00855991257620709,0.242232808577163
"rh_OP2-3",6096.6823187934,5157.3525390625,4999.23833550347,6039.96190049913,-4.4190229707294,0.58287011914783,0.309821644590961,0.100461290321416,0.312826039062606,0.0206475039530132,0.0109298950992525,0.245313624954886
"rh_52",6287.6916185462,5064.82975968071,5180.02946671196,6241.99118970788,-3.81698007168977,0.622787213843802,0.323078703621159,0.0886508948777033,0.31982398810594,0.0189029890234056,0.010815607626801,0.238727815773176
"rh_RI",6167.08044885706,4854.84116391782,5107.31190321181,6333.42277922454,-4.23554687588303,0.583726081583235,0.325704103818646,0.101320240370653,0.301862283989235,0.0176526440169524,0.00843851698596996,0.245022212189657
"rh_PFcm",6422.2373268821,5031.12734153054,5185.90814763849,6227.91238680753,-4.1563851183111,0.585116059942679,0.3290427909656,0.105840356851166,0.296432054855607,0.0172177488830957,0.00790697052566843,0.243560078807852
"rh_PoI2",6281.99805664062,5434.61590820313,5002.32330078125,5693.4934765625,-3.54131293058395,0.61143745303154,0.284578809142113,0.0908715024590492,0.340099092125893,0.0253696773946285,0.0166671946458519,0.242413717806339
"rh_TA2",5774.28732096354,5594.39223632813,4977.73642578125,5555.96227213542,-3.32341663837433,0.621807972590129,0.287617012858391,0.0896668960650762,0.3487180352211,0.0222713135182858,0.0142570024356246,0.237469738721848
"rh_FOP4",6325.56238064236,4548.58310546875,5128.42338324653,6493.07275390625,-1.75044048782438,0.62967439227634,0.235471429096328,0.0998097151517868,0.358127668831083,0.0258057664665911,0.0147397397499945,0.26604567832417
"rh_MI",6542.9918484158,4974.96759711371,5275.54416232639,6400.35203721788,-1.61787316937827,0.611107226875093,0.252059979157315,0.0963978947450717,0.351663615968492,0.027384378015995,0.017414218849606,0.255079910986953
"rh_Pir",2484.48454309682,3113.51013383709,1912.46768938909,2020.84317767034,-0.792071061544731,0.280319552929675,0.074714261977399,0.026129390250464,0.107951509659408,0.00854661947757494,0.00610221201767687,0.0716379751436046
"rh_AVI",6330.09778413318,4999.89921642485,5204.54166666667,6707.71023995536,1.72422943619036,0.604872760318574,0.225096282859643,0.0976182458301385,0.368372640439442,0.0269555493390986,0.0156605153655012,0.26629677485852
"rh_AAIC",5624.46404474432,4629.32164417614,4466.75753136837,5399.91173946496,1.81008234349164,0.524847626686096,0.210506051778793,0.0809599992000695,0.321142379984711,0.0264219815532366,0.0179657017755689,0.221791774937601
"rh_FOP1",6542.68547712054,5129.40369233631,5321.88037109375,6472.92022414435,-3.17097674097334,0.616214868568239,0.265073202905201,0.0971509729112898,0.347677717606227,0.024646872831952,0.0151462022303825,0.250305021802584
"rh_FOP3",6110.55524088542,4385.96611328125,4924.63583984375,6008.14716796875,-3.12136124769847,0.61269745628039,0.260374471048514,0.0986840551098188,0.34297279715538,0.0253081967433294,0.0149745194551845,0.25768594990174
"rh_FOP2",5860.69886192909,4629.02942833534,4949.60265174279,5845.45289963942,-4.68894663223853,0.59313865349843,0.281287389305922,0.0980505504860328,0.332618113893729,0.0224673218595294,0.0126607582116356,0.252915863234263
"rh_PFt",5846.35476183535,4216.54306349114,5221.79462307603,6189.62986094916,-3.78451034960462,0.608343482017517,0.324824849171425,0.122448929543815,0.278113596919757,0.0207239120587039,0.00921844117649233,0.244670271651069
"rh_AIP",6075.06985085227,4060.15822088068,5420.70747514205,6776.38289683949,-2.23866582370617,0.628661344268105,0.347246769883416,0.11836643747308,0.269256539507346,0.0185895782641389,0.00699057633226568,0.239550098912282
"rh_EC",4910.4555158944,4238.88961476293,3884.98621868265,4373.68095029634,3.14532360665757,0.540203978275431,0.260465081395774,0.0712957775284504,0.294096019761316,0.0201502230403752,0.0138605443503836,0.202201317096579
"rh_PreS",3381.12256994913,2874.84972860647,2711.14512740734,3075.93752838844,-0.239533219919648,0.360068860442139,0.206662372794262,0.0543250904180283,0.196929748668227,0.0139427775906962,0.00927154457759718,0.146775443193524
"rh_H",100.219495738636,73.4931019176136,76.3513583096591,88.3540749289773,0.0263940334320068,0.0106501709331166,0.00559312701225281,0.00151421603831378,0.00613324587995356,0.000417450341311368,0.000286035341295329,0.00423774421215057
"rh_ProS",5625.84948730469,5509.10186767578,4919.69786376953,5728.80668945312,-3.43974641337991,0.563105973601341,0.336899412423372,0.0860378187149763,0.312219754606485,0.019260060088709,0.0115188002353534,0.234064150974154
"rh_PeEc",4835.73614908854,4578.7167195638,3960.68995361328,4428.82639973958,0.0316842949929802,0.58358415166537,0.251346765955289,0.0705514625956615,0.305826542774836,0.0202955173949401,0.0141891346313059,0.20445723682642
"rh_STGa",5066.4131920856,6024.11574388587,4341.49921450408,4918.81339164402,1.07715649838033,0.620013555754786,0.249479256894277,0.0856828605351241,0.376261569883512,0.0268915045358565,0.0188942047483895,0.242790599232135
"rh_PBelt",6354.56763392857,5551.290625,5554.82751116071,6599.87096819196,-3.53623256002154,0.598381544862475,0.323220745154789,0.0912130917821612,0.319231505053384,0.018399854243866,0.0107180758645492,0.23721672466823
"rh_A5",5600.83900894657,4889.23046481225,5057.1523358745,5913.69325699345,-2.47303870897139,0.618361356758302,0.311852388324276,0.0878340144070887,0.331169076504246,0.0205602048025016,0.0133414585593968,0.23524285828875
"rh_PHA1",5750.60313415527,4672.52166748047,4865.10849761963,5333.54919433594,0.151174942264333,0.587235141545534,0.32732733618468,0.0850405800156295,0.318305148743093,0.0208223276422359,0.0136851291172206,0.234819476027042
"rh_PHA3",5162.72002583165,4205.2332015499,4464.88032384073,5187.03695186492,-1.72956428911176,0.59011189399227,0.329387536933345,0.0846804104024364,0.318237696924517,0.0208709592660589,0.013886253259355,0.232937149463161
"rh_STSda",5441.75111161902,4686.54794506316,4666.3341505984,5553.15704995013,1.72697315349224,0.641201631819948,0.276895664156751,0.0850808434980981,0.359929008052704,0.0241172510655002,0.0166660680019475,0.237311166334659
"rh_STSdp",5600.35442620355,4616.51589553421,5103.56485562711,5982.25308804899,0.795402527207861,0.648585038410651,0.333479314237028,0.0855370356223068,0.318982715139518,0.0171564852164404,0.0101879263120527,0.234656520389222
"rh_STSvp",5762.14543350883,4819.43332837976,5212.96394149117,6326.20156462296,5.71429766779361,0.649990942167199,0.333821599898131,0.0836810676947884,0.320318848542545,0.0171890897959795,0.0107550165089576,0.234234372558801
"rh_TGd",4820.6538129534,5503.90672956194,4073.0407496861,4655.08651297433,4.74220760459346,0.603135170148952,0.213410867112023,0.0725926940462419,0.333831688389182,0.0253739094062309,0.0187778182194701,0.211013019351023
"rh_TE1a",4974.63362233232,3621.00256645389,4378.75616901677,5379.09384527439,6.38543768626888,0.625710152998203,0.264183922875218,0.0843815567289911,0.367731129977761,0.0273407382845152,0.0202869724300576,0.236075680430343
"rh_TE1p",5521.94289748733,5495.98447067673,4923.33145718961,6211.00073902027,4.74755083386962,0.6367116006645,0.327629706344089,0.0848568079842103,0.31915952990184,0.020682797968589,0.0142021259242618,0.233469032757991
"rh_TE2a",5315.31868489583,3639.42156454958,4599.98882378472,5709.7721293885,4.96435827863069,0.604330454343631,0.283491476082507,0.0820231932548829,0.356429423079079,0.025281533345948,0.0185998098947752,0.234174565032676
"rh_TF",5017.38634402253,3861.39534315952,4375.62524981831,5172.93334393169,0.0619073804294647,0.591561322988466,0.300388494549796,0.0815916320438995,0.344880059361458,0.0226030224760951,0.0157356880020437,0.234801103729148
"rh_TE2p",5344.19123722957,4836.43301626352,4821.92404409555,5791.30890362079,-1.36752230330155,0.605675218197016,0.331473362560456,0.0819058004193581,0.32070111655272,0.019372063008352,0.0128661786886648,0.233681481618148
"rh_PHT",5542.79182572798,5239.60672829368,4950.65874689276,6103.74291992188,1.36767153871584,0.655255038629879,0.342495839026841,0.0867209505628456,0.305677586658434,0.0189669856124304,0.0122197685890238,0.23391887342388
"rh_PH",5475.75112017463,7422.7375536152,5084.52044079351,6111.70370902267,-3.01012489258074,0.59595953132592,0.362515543021408,0.0829396859980097,0.30041318489056,0.0173575575006943,0.010580521752583,0.226193511018566
"rh_TPOJ1",5795.00217333027,4729.59712488511,5261.26743929994,6322.46139705882,-0.643551164653664,0.653740514142841,0.348724587875254,0.0911330867777852,0.29868145988268,0.0167708569114991,0.00939387794328379,0.235296131641257
"rh_TPOJ2",5843.17606534091,4641.47250976562,5330.6294921875,6338.17349076705,-1.9297203343023,0.692532116716558,0.364090262217955,0.0890615190971981,0.290002483671362,0.0167833072556691,0.0095965992489999,0.230465836416591
"rh_TPOJ3",5797.8626349954,4336.12479176241,5321.14364085478,6323.68480009191,-2.61419913172722,0.665204603882397,0.378925610991085,0.0891859980628771,0.283347758300164,0.0152061422738959,0.00772494981613229,0.225609546636834
"rh_DVT",5957.53886081861,4678.35448157269,5325.6139287534,6678.10247537364,-3.11575098724469,0.598200336746547,0.392177518295205,0.0967909011827863,0.264390040350997,0.0175557929779524,0.00837124329384254,0.220714504628078
"rh_PGp",5407.94482421875,3681.29228797326,4952.09283916767,6111.77209472656,-2.10143905906723,0.636512700181741,0.387590506902108,0.0909674389717671,0.276423632525481,0.0168013409890521,0.00891847688203248,0.219298603442999
"rh_IP2",6337.58693150112,4072.19630650112,5671.31729561942,7092.05985804967,2.91498442739248,0.639271307204451,0.349372802036149,0.11599383489894,0.272113225289754,0.0177730671462736,0.00724197287178997,0.237505094281265
"rh_IP1",6181.66264272837,3924.89018554687,5535.79637920673,7117.31790865385,4.40946418688847,0.63310008415809,0.373821273675332,0.107762120549495,0.263919900472348,0.0173569313322122,0.00756403814571408,0.229575735789079
"rh_IP0",5832.541015625,4180.78415876116,5352.58038504464,6718.82134486607,-1.85287846326828,0.635568937233516,0.399599425281797,0.0949582463928631,0.264109512737819,0.0159268594213894,0.00732046336467777,0.218085492083005
"rh_PFop",5883.4480082194,4818.86310323079,5055.04736328125,6001.51480102539,-3.46247125665347,0.608822820087274,0.302775176241994,0.114779233466834,0.298160559187333,0.0222013709523405,0.0118068055793022,0.250276858607928
"rh_PF",6052.83083147321,4668.50278320312,4997.95376209077,6144.63323102679,-1.86979435682297,0.658973956108093,0.323199475663049,0.117276366622675,0.284369214659645,0.0204331390737068,0.0102235635432104,0.244498235696838
"rh_PFm",6120.46886243318,4297.15773251182,5291.09676963405,6781.17025274979,4.3986556137863,0.636848881056434,0.347065226419976,0.113130463875438,0.275504473400743,0.0189459396918353,0.00914095725104409,0.236212944611907
"rh_PGi",5969.90021736391,4456.64122747606,5303.82555364793,6557.39597246724,5.14018541886922,0.662958353757858,0.359913941833281,0.098444007817776,0.284441364388312,0.0165316500370541,0.0083145875063154,0.232354448567475
"rh_PGs",5876.42289538261,4178.60366586538,5192.99799053486,6727.31218073918,5.59907542436551,0.642516606129133,0.364521289483095,0.104187942754764,0.27515291976623,0.0178611835178274,0.008823957765857,0.229452705727174
"rh_V6A",5607.4210030692,4880.97249930246,5056.7381766183,6292.8671875,-4.51069130216326,0.596088183777673,0.41974971975599,0.0974361321755818,0.244222406830106,0.0183586409049375,0.0093030199142439,0.210930077092988
"rh_VMV1",5845.07789829799,4440.48573521205,5448.2025844029,6217.37037876674,-4.18632170132228,0.571937769651413,0.339137385998453,0.0851239721689905,0.315229397799288,0.0193049627622323,0.0118813544977456,0.22932292414563
"rh_VMV3",5547.66185360863,4582.24716331845,5185.59044828869,5988.70419456845,-4.18918029467265,0.563961661997296,0.352715046632858,0.0828685497953778,0.310796749024164,0.0178882736003115,0.0106818754492061,0.225049498535338
"rh_PHA2",5315.8999226888,4307.89295450846,4498.33848063151,5258.71527099609,0.881693816181117,0.598601410786311,0.332639776170254,0.0834930520504713,0.317204372336467,0.0190791569960614,0.0122518891391034,0.235331760098537
"rh_V4t",5217.87413611779,5154.93402569111,4928.56723257212,5993.55731670673,-4.17060877726628,0.590744458712064,0.38194064452098,0.083643662241789,0.289473111812885,0.0173052821594935,0.0100998743795432,0.217537431762769
"rh_FST",5475.58472741168,5818.1164232337,5173.39510444973,6123.49475628397,-3.75492252474246,0.617635532565739,0.368576205295065,0.0841182596657587,0.295758842126183,0.0166657956560021,0.0097607460439853,0.225120147933131
"rh_V3CD",5461.86667702415,4052.77206143466,5153.84552556818,6565.97125799006,-4.10276303508065,0.591062128543854,0.406748858365146,0.0883671306073666,0.270434482531114,0.0165910227224231,0.0086322459815578,0.209226257421754
"rh_LO3",5341.81799958882,3932.93756424753,4968.51577919408,6157.04499897204,-4.23345598421599,0.59663777916055,0.387816041707993,0.0858470146593295,0.282723073896609,0.0166246257722378,0.0090743402313245,0.217914900497386
"rh_VMV2",5321.7785259046,4522.05656352796,4929.87916324013,5740.87458881579,-3.94589268533807,0.578486100623482,0.34984070846909,0.0848513390672834,0.309250277908225,0.0182420891758643,0.0110082498898632,0.226807354312194
"rh_31pd",6416.38931274414,4129.65269470215,5543.43193054199,7039.60507202148,5.8563444018364,0.618251504376531,0.341834940947592,0.103871109895408,0.28214003983885,0.0199502169853076,0.00874818628653884,0.2434555105865
"rh_31a",6615.24109468006,4283.16662016369,5703.30375744048,7063.30777994792,3.61062560762678,0.633497195584433,0.318079580863317,0.109215896754038,0.287491735957918,0.0212626303767874,0.00853153371385166,0.255418628454208
"rh_VVC",5917.35252586571,4115.11285235431,5342.16916965794,6053.73748944257,-3.54216448680775,0.578265064471477,0.348664526198361,0.0837101952449695,0.307624638886065,0.0188132603023503,0.0118735836869156,0.229313797644667
"rh_25",6098.34616921165,4938.02458052202,4895.91071111506,5732.4482643821,5.34929187731309,0.617940867489034,0.178910670632666,0.0692994354123419,0.28899956155907,0.0190462168644775,0.0113673418421637,0.205104048956524
"rh_s32",6206.62624511719,4681.95941162109,4954.8958984375,6081.51643066406,5.84058446884155,0.614386641979218,0.211006187647581,0.0915629878640175,0.384574545919895,0.0255938041955233,0.0145701005589217,0.272692376375198
"rh_pOFC",5789.9522265625,3634.41493652344,4730.95786132812,5672.3891015625,1.47845529034734,0.556903159618378,0.154855985045433,0.0538732343912125,0.244174472093582,0.0165315464138985,0.0108791788294911,0.159685586690903
"rh_PoI1",6042.84218569155,5344.44114402488,4734.82147894965,5444.0206072772,-3.03070249822405,0.625516618843432,0.294486830079997,0.0874456142385801,0.340661603543494,0.0228927838443606,0.0148485325690773,0.239664629653648
"rh_Ig",6073.58928811961,5220.52358903556,5019.57086813039,6001.51488415948,-4.4894233572072,0.59103401159418,0.305448104595316,0.0989565111953637,0.313663992388495,0.0241480865355196,0.0144358379445199,0.243347473185638
"rh_FOP5",6128.44030501995,4552.79369597739,5103.28648603723,6630.09249293551,-0.685184115662854,0.645187924516962,0.220304992287717,0.0998604887343468,0.36994521097934,0.0263566691032115,0.0142889774424282,0.269243663929878
"rh_p10p",6452.67857666016,3279.20374145508,5483.97247314453,7291.9853515625,5.33423563241959,0.632139475643635,0.182944074273109,0.0974119298160076,0.383196956664324,0.0342915758490562,0.0209243485238403,0.281231117993593
"rh_p47r",6191.46018288352,3730.01581735322,5201.86592980587,7043.6543264678,4.19341058803327,0.630945202076074,0.197320125319741,0.100975999326417,0.379075709617499,0.0349113004225673,0.0217979245565154,0.265918938499508
"rh_TGv",4751.81934655231,4731.21747622283,4029.93215013587,4546.20694633152,0.416275803526135,0.586572758529497,0.262972522041072,0.0817028194989847,0.370933416744937,0.0275385245356871,0.0205832649346279,0.236269456212935
"rh_MBelt",6677.77501260081,5243.88484438004,5542.34253717238,6792.3705109627,-3.75138551958146,0.619389791642466,0.32640276320519,0.0891817272190125,0.318733564307613,0.0178166511318376,0.00978628173470497,0.238079005191403
"rh_LBelt",6791.56184895833,5511.98187934028,5804.72797309028,7161.96923828125,-3.74279455785398,0.594960638770351,0.332837677664227,0.090970353671798,0.312533136871126,0.0161624053424155,0.00845249005834814,0.239043932270121
"rh_A4",5705.77388892984,4952.05669590212,5116.03057746167,5988.49519089033,-3.29221277416877,0.60738435218919,0.312036765071581,0.0924962985346902,0.32364130469988,0.0213560663023085,0.013689381492166,0.236780182089446
"rh_STSva",5453.94966517857,4504.31584123884,4711.25446428571,5725.334765625,5.53737923758371,0.642917209012168,0.28780540909086,0.0833073948110853,0.355256239856992,0.0219810851982662,0.0148386489067759,0.236811227032116
"rh_TE1m",5522.94656297637,4302.27191310976,4818.82018149771,6184.26876905488,6.00027751922607,0.616710485481634,0.305577322477248,0.0825395513235069,0.341566465249876,0.0215386772392,0.0150767609749625,0.233701220736271
"rh_PI",5664.17948504192,5523.73069502668,4422.96306330983,5155.5732898247,-2.53875691171099,0.636057503339721,0.286370135662032,0.0857896921111316,0.352934062480927,0.0214425008289698,0.0136396303636635,0.239823981392674
"rh_a32pr",6219.51611328125,4687.64991455078,5008.43387451172,6509.6873046875,0.476269805780612,0.615261916816235,0.204845798760653,0.100541391223669,0.356251126527786,0.0241977645084262,0.0108883235836402,0.303275593370199
"rh_p24",6453.52215866815,4936.03820219494,4990.48384021577,6035.30382719494,0.494034526603563,0.622573719138191,0.202334154219854,0.0988157863418261,0.365430579299019,0.0242645973783164,0.0113272524571845,0.297827624139332
